[
  {
    "model": "accounts.user",
    "pk": 1,
    "fields": {
      "password": "pbkdf2_sha256$260000$3VwERYkeWTuEQImMafLQ5n$G5dcxzSuZc18cPGBPO2cUnW2eETPyeKPlCn41+0aUW0=",
      "last_login": "2022-11-24T05:06:02.682Z",
      "is_superuser": true,
      "is_staff": true,
      "is_active": true,
      "date_joined": "2022-11-24T05:05:52.603Z",
      "email": "tlsdnrng1@gmail.com",
      "nickname": null,
      "kakao_id": null,
      "groups": [],
      "user_permissions": [],
      "watched": [],
      "wishes": []
    }
  },
  {
    "model": "accounts.user",
    "pk": 2,
    "fields": {
      "password": "!6Ev0QpnMfcFWWqdZyh6285pTuIJl9cP8urJJFrur",
      "last_login": "2022-11-24T21:01:33.351Z",
      "is_superuser": false,
      "is_staff": false,
      "is_active": true,
      "date_joined": "2022-11-24T11:44:34.592Z",
      "email": "tlsdnrng@gmail.com",
      "nickname": null,
      "kakao_id": null,
      "groups": [],
      "user_permissions": [],
      "watched": [
        1726, 10138, 68721, 284054, 299534, 299536, 436270, 453395, 505642,
        616037, 829280
      ],
      "wishes": [38015]
    }
  },
  {
    "model": "accounts.user",
    "pk": 3,
    "fields": {
      "password": "pbkdf2_sha256$260000$OUcBSB2bvvNfs5dyiraBir$bwOUC3PQLdu/lqCLdPrEWK5EWNZIK3M1BuY3n88QBNg=",
      "last_login": "2022-11-24T18:28:52.419Z",
      "is_superuser": false,
      "is_staff": false,
      "is_active": true,
      "date_joined": "2022-11-24T18:28:52.257Z",
      "email": "tkvl3@gmail.com",
      "nickname": null,
      "kakao_id": null,
      "groups": [],
      "user_permissions": [],
      "watched": [],
      "wishes": []
    }
  },
  {
    "model": "accounts.user",
    "pk": 4,
    "fields": {
      "password": "pbkdf2_sha256$260000$6wSg8VLf7WuAQ3BjYT0NQb$VjR2yEtDrvGsvGg6M4qHEU/AfPj97hpN0OG2Z5JI8C8=",
      "last_login": "2022-11-24T18:29:50.165Z",
      "is_superuser": false,
      "is_staff": false,
      "is_active": true,
      "date_joined": "2022-11-24T18:29:50.007Z",
      "email": "tkvl4@gmail.com",
      "nickname": null,
      "kakao_id": null,
      "groups": [],
      "user_permissions": [],
      "watched": [],
      "wishes": []
    }
  },
  {
    "model": "accounts.user",
    "pk": 5,
    "fields": {
      "password": "pbkdf2_sha256$260000$FQ33KEEKPtMiet5Kl2JTCA$L5Kb4jHdNOeT7BE+bpY4q+TnNvsoj2rkisUNAT06fyU=",
      "last_login": "2022-11-24T18:30:09.958Z",
      "is_superuser": false,
      "is_staff": false,
      "is_active": true,
      "date_joined": "2022-11-24T18:30:09.870Z",
      "email": "tkvl5@gmail.com",
      "nickname": null,
      "kakao_id": null,
      "groups": [],
      "user_permissions": [],
      "watched": [],
      "wishes": []
    }
  },
  {
    "model": "accounts.user",
    "pk": 6,
    "fields": {
      "password": "pbkdf2_sha256$260000$i2g53ALaKcnUYOGunh3gR8$G2h9YvCBzO9ix3L0l2s/Th5cC/zVIeHqy2rwoHi5DU8=",
      "last_login": "2022-11-24T20:42:49.865Z",
      "is_superuser": false,
      "is_staff": false,
      "is_active": true,
      "date_joined": "2022-11-24T20:42:49.776Z",
      "email": "tkvl1@gmail.com",
      "nickname": null,
      "kakao_id": null,
      "groups": [],
      "user_permissions": [],
      "watched": [
        76, 597, 38015, 47002, 296096, 346646, 496243, 736545, 744275, 851644
      ],
      "wishes": [346646, 736545]
    }
  },
  {
    "model": "accounts.user",
    "pk": 7,
    "fields": {
      "password": "pbkdf2_sha256$260000$J8z4e6C0gVmBGrS9gjzgj9$lkELbhFV1CIHFeS6Dv0l5ULGGrGjF1H0EO5gyFD1Ifc=",
      "last_login": "2022-11-24T20:59:59.198Z",
      "is_superuser": false,
      "is_staff": false,
      "is_active": true,
      "date_joined": "2022-11-24T20:59:59.108Z",
      "email": "tkvl2@gmail.com",
      "nickname": null,
      "kakao_id": null,
      "groups": [],
      "user_permissions": [],
      "watched": [
        1724, 1726, 1771, 10138, 24428, 68721, 99861, 100402, 271110, 284052,
        299534, 299536, 299537, 448119, 453395, 529106
      ],
      "wishes": []
    }
  },
  {
    "model": "accounts.userlikegenres",
    "pk": 1,
    "fields": { "genre_like_user": 2, "genre": 12, "score": 10 }
  },
  {
    "model": "accounts.userlikegenres",
    "pk": 2,
    "fields": { "genre_like_user": 2, "genre": 28, "score": 11 }
  },
  {
    "model": "accounts.userlikegenres",
    "pk": 3,
    "fields": { "genre_like_user": 2, "genre": 878, "score": 9 }
  },
  {
    "model": "accounts.userlikegenres",
    "pk": 4,
    "fields": { "genre_like_user": 2, "genre": 14, "score": 3 }
  },
  {
    "model": "accounts.userlikegenres",
    "pk": 5,
    "fields": { "genre_like_user": 2, "genre": 80, "score": 2 }
  },
  {
    "model": "accounts.userlikegenres",
    "pk": 6,
    "fields": { "genre_like_user": 2, "genre": 9648, "score": 1 }
  },
  {
    "model": "accounts.userlikegenres",
    "pk": 7,
    "fields": { "genre_like_user": 2, "genre": 35, "score": 2 }
  },
  {
    "model": "accounts.userlikegenres",
    "pk": 8,
    "fields": { "genre_like_user": 6, "genre": 18, "score": 8 }
  },
  {
    "model": "accounts.userlikegenres",
    "pk": 9,
    "fields": { "genre_like_user": 6, "genre": 10749, "score": 7 }
  },
  {
    "model": "accounts.userlikegenres",
    "pk": 10,
    "fields": { "genre_like_user": 6, "genre": 35, "score": 8 }
  },
  {
    "model": "accounts.userlikegenres",
    "pk": 11,
    "fields": { "genre_like_user": 6, "genre": 80, "score": 5 }
  },
  {
    "model": "accounts.userlikegenres",
    "pk": 12,
    "fields": { "genre_like_user": 6, "genre": 53, "score": 2 }
  },
  {
    "model": "accounts.userlikegenres",
    "pk": 13,
    "fields": { "genre_like_user": 6, "genre": 28, "score": 3 }
  },
  {
    "model": "accounts.userlikegenres",
    "pk": 14,
    "fields": { "genre_like_user": 7, "genre": 12, "score": 16 }
  },
  {
    "model": "accounts.userlikegenres",
    "pk": 15,
    "fields": { "genre_like_user": 7, "genre": 28, "score": 15 }
  },
  {
    "model": "accounts.userlikegenres",
    "pk": 16,
    "fields": { "genre_like_user": 7, "genre": 878, "score": 12 }
  },
  {
    "model": "accounts.userlikegenres",
    "pk": 17,
    "fields": { "genre_like_user": 7, "genre": 14, "score": 3 }
  },
  {
    "model": "accounts.userlikegenres",
    "pk": 18,
    "fields": { "genre_like_user": 7, "genre": 10751, "score": 1 }
  },
  {
    "model": "accounts.userlikeactors",
    "pk": 1,
    "fields": { "actor_like_user": 2, "actor": 1083010, "score": 4 }
  },
  {
    "model": "accounts.userlikeactors",
    "pk": 2,
    "fields": { "actor_like_user": 2, "actor": 1267329, "score": 2 }
  },
  {
    "model": "accounts.userlikeactors",
    "pk": 3,
    "fields": { "actor_like_user": 2, "actor": 82104, "score": 4 }
  },
  {
    "model": "accounts.userlikeactors",
    "pk": 4,
    "fields": { "actor_like_user": 2, "actor": 1447932, "score": 4 }
  },
  {
    "model": "accounts.userlikeactors",
    "pk": 5,
    "fields": { "actor_like_user": 2, "actor": 2133996, "score": 1 }
  },
  {
    "model": "accounts.userlikeactors",
    "pk": 6,
    "fields": { "actor_like_user": 2, "actor": 87265, "score": 1 }
  },
  {
    "model": "accounts.userlikeactors",
    "pk": 7,
    "fields": { "actor_like_user": 2, "actor": 9780, "score": 3 }
  },
  {
    "model": "accounts.userlikeactors",
    "pk": 8,
    "fields": { "actor_like_user": 2, "actor": 139900, "score": 3 }
  },
  {
    "model": "accounts.userlikeactors",
    "pk": 9,
    "fields": { "actor_like_user": 2, "actor": 1368012, "score": 1 }
  },
  {
    "model": "accounts.userlikeactors",
    "pk": 10,
    "fields": { "actor_like_user": 2, "actor": 18918, "score": 1 }
  },
  {
    "model": "accounts.userlikeactors",
    "pk": 11,
    "fields": { "actor_like_user": 2, "actor": 83860, "score": 1 }
  },
  {
    "model": "accounts.userlikeactors",
    "pk": 12,
    "fields": { "actor_like_user": 2, "actor": 1253353, "score": 1 }
  },
  {
    "model": "accounts.userlikeactors",
    "pk": 13,
    "fields": { "actor_like_user": 2, "actor": 164945, "score": 1 }
  },
  {
    "model": "accounts.userlikeactors",
    "pk": 14,
    "fields": { "actor_like_user": 2, "actor": 2042690, "score": 1 }
  },
  {
    "model": "accounts.userlikeactors",
    "pk": 15,
    "fields": { "actor_like_user": 2, "actor": 935235, "score": 1 }
  },
  {
    "model": "accounts.userlikeactors",
    "pk": 16,
    "fields": { "actor_like_user": 2, "actor": 1293978, "score": 1 }
  },
  {
    "model": "accounts.userlikeactors",
    "pk": 17,
    "fields": { "actor_like_user": 2, "actor": 2426321, "score": 1 }
  },
  {
    "model": "accounts.userlikeactors",
    "pk": 18,
    "fields": { "actor_like_user": 2, "actor": 517, "score": 1 }
  },
  {
    "model": "accounts.userlikeactors",
    "pk": 19,
    "fields": { "actor_like_user": 2, "actor": 73968, "score": 2 }
  },
  {
    "model": "accounts.userlikeactors",
    "pk": 20,
    "fields": { "actor_like_user": 2, "actor": 1356210, "score": 1 }
  },
  {
    "model": "accounts.userlikeactors",
    "pk": 21,
    "fields": { "actor_like_user": 2, "actor": 1558986, "score": 1 }
  },
  {
    "model": "accounts.userlikeactors",
    "pk": 22,
    "fields": { "actor_like_user": 2, "actor": 1283, "score": 1 }
  },
  {
    "model": "accounts.userlikeactors",
    "pk": 23,
    "fields": { "actor_like_user": 2, "actor": 11207, "score": 1 }
  },
  {
    "model": "accounts.userlikeactors",
    "pk": 24,
    "fields": { "actor_like_user": 2, "actor": 1531926, "score": 1 }
  },
  {
    "model": "accounts.userlikeactors",
    "pk": 25,
    "fields": { "actor_like_user": 2, "actor": 81840, "score": 1 }
  },
  {
    "model": "accounts.userlikeactors",
    "pk": 26,
    "fields": { "actor_like_user": 2, "actor": 195666, "score": 1 }
  },
  {
    "model": "accounts.userlikeactors",
    "pk": 27,
    "fields": { "actor_like_user": 2, "actor": 2301682, "score": 1 }
  },
  {
    "model": "accounts.userlikeactors",
    "pk": 28,
    "fields": { "actor_like_user": 2, "actor": 84996, "score": 0 }
  },
  {
    "model": "accounts.userlikeactors",
    "pk": 29,
    "fields": { "actor_like_user": 2, "actor": 75912, "score": 0 }
  },
  {
    "model": "accounts.userlikeactors",
    "pk": 30,
    "fields": { "actor_like_user": 2, "actor": 229752, "score": 0 }
  },
  {
    "model": "accounts.userlikeactors",
    "pk": 31,
    "fields": { "actor_like_user": 2, "actor": 123818, "score": 0 }
  },
  {
    "model": "accounts.userlikeactors",
    "pk": 32,
    "fields": { "actor_like_user": 2, "actor": 146245, "score": 0 }
  },
  {
    "model": "accounts.userlikeactors",
    "pk": 33,
    "fields": { "actor_like_user": 6, "actor": 140335, "score": 1 }
  },
  {
    "model": "accounts.userlikeactors",
    "pk": 34,
    "fields": { "actor_like_user": 6, "actor": 2117890, "score": 1 }
  },
  {
    "model": "accounts.userlikeactors",
    "pk": 35,
    "fields": { "actor_like_user": 6, "actor": 2377671, "score": 1 }
  },
  {
    "model": "accounts.userlikeactors",
    "pk": 36,
    "fields": { "actor_like_user": 6, "actor": 3218480, "score": 1 }
  },
  {
    "model": "accounts.userlikeactors",
    "pk": 37,
    "fields": { "actor_like_user": 6, "actor": 1806235, "score": 1 }
  },
  {
    "model": "accounts.userlikeactors",
    "pk": 38,
    "fields": { "actor_like_user": 6, "actor": 17127, "score": 1 }
  },
  {
    "model": "accounts.userlikeactors",
    "pk": 39,
    "fields": { "actor_like_user": 6, "actor": 1998163, "score": 1 }
  },
  {
    "model": "accounts.userlikeactors",
    "pk": 40,
    "fields": { "actor_like_user": 6, "actor": 1753914, "score": 1 }
  },
  {
    "model": "accounts.userlikeactors",
    "pk": 41,
    "fields": { "actor_like_user": 6, "actor": 1114487, "score": 1 }
  },
  {
    "model": "accounts.userlikeactors",
    "pk": 42,
    "fields": { "actor_like_user": 6, "actor": 20805, "score": 1 }
  },
  {
    "model": "accounts.userlikeactors",
    "pk": 43,
    "fields": { "actor_like_user": 6, "actor": 2035329, "score": 1 }
  },
  {
    "model": "accounts.userlikeactors",
    "pk": 44,
    "fields": { "actor_like_user": 6, "actor": 20960, "score": 1 }
  },
  {
    "model": "accounts.userlikeactors",
    "pk": 45,
    "fields": { "actor_like_user": 6, "actor": 20373, "score": 1 }
  },
  {
    "model": "accounts.userlikeactors",
    "pk": 46,
    "fields": { "actor_like_user": 6, "actor": 32203, "score": 1 }
  },
  {
    "model": "accounts.userlikeactors",
    "pk": 47,
    "fields": { "actor_like_user": 6, "actor": 23931, "score": 1 }
  },
  {
    "model": "accounts.userlikeactors",
    "pk": 48,
    "fields": { "actor_like_user": 6, "actor": 1845809, "score": 1 }
  },
  {
    "model": "accounts.userlikeactors",
    "pk": 49,
    "fields": { "actor_like_user": 6, "actor": 204, "score": 1 }
  },
  {
    "model": "accounts.userlikeactors",
    "pk": 50,
    "fields": { "actor_like_user": 6, "actor": 3713, "score": 1 }
  },
  {
    "model": "accounts.userlikeactors",
    "pk": 51,
    "fields": { "actor_like_user": 6, "actor": 2076, "score": 1 }
  },
  {
    "model": "accounts.userlikeactors",
    "pk": 52,
    "fields": { "actor_like_user": 6, "actor": 1369, "score": 1 }
  },
  {
    "model": "accounts.userlikeactors",
    "pk": 53,
    "fields": { "actor_like_user": 6, "actor": 1954, "score": 1 }
  },
  {
    "model": "accounts.userlikeactors",
    "pk": 54,
    "fields": { "actor_like_user": 6, "actor": 2053, "score": 1 }
  },
  {
    "model": "accounts.userlikeactors",
    "pk": 55,
    "fields": { "actor_like_user": 6, "actor": 6193, "score": 1 }
  },
  {
    "model": "accounts.userlikeactors",
    "pk": 56,
    "fields": { "actor_like_user": 6, "actor": 8535, "score": 1 }
  },
  {
    "model": "accounts.userlikeactors",
    "pk": 57,
    "fields": { "actor_like_user": 6, "actor": 8534, "score": 1 }
  },
  {
    "model": "accounts.userlikeactors",
    "pk": 58,
    "fields": { "actor_like_user": 6, "actor": 1080542, "score": 1 }
  },
  {
    "model": "accounts.userlikeactors",
    "pk": 59,
    "fields": { "actor_like_user": 6, "actor": 237455, "score": 1 }
  },
  {
    "model": "accounts.userlikeactors",
    "pk": 60,
    "fields": { "actor_like_user": 6, "actor": 4391, "score": 1 }
  },
  {
    "model": "accounts.userlikeactors",
    "pk": 61,
    "fields": { "actor_like_user": 6, "actor": 1223786, "score": 1 }
  },
  {
    "model": "accounts.userlikeactors",
    "pk": 62,
    "fields": { "actor_like_user": 6, "actor": 47627, "score": 1 }
  },
  {
    "model": "accounts.userlikeactors",
    "pk": 63,
    "fields": { "actor_like_user": 6, "actor": 74056, "score": 1 }
  },
  {
    "model": "accounts.userlikeactors",
    "pk": 64,
    "fields": { "actor_like_user": 6, "actor": 96841, "score": 1 }
  },
  {
    "model": "accounts.userlikeactors",
    "pk": 65,
    "fields": { "actor_like_user": 6, "actor": 122535, "score": 1 }
  },
  {
    "model": "accounts.userlikeactors",
    "pk": 66,
    "fields": { "actor_like_user": 6, "actor": 1231106, "score": 1 }
  },
  {
    "model": "accounts.userlikeactors",
    "pk": 67,
    "fields": { "actor_like_user": 6, "actor": 569, "score": 1 }
  },
  {
    "model": "accounts.userlikeactors",
    "pk": 68,
    "fields": { "actor_like_user": 6, "actor": 1146, "score": 1 }
  },
  {
    "model": "accounts.userlikeactors",
    "pk": 69,
    "fields": { "actor_like_user": 6, "actor": 572, "score": 1 }
  },
  {
    "model": "accounts.userlikeactors",
    "pk": 70,
    "fields": { "actor_like_user": 6, "actor": 3738, "score": 1 }
  },
  {
    "model": "accounts.userlikeactors",
    "pk": 71,
    "fields": { "actor_like_user": 6, "actor": 146859, "score": 1 }
  },
  {
    "model": "accounts.userlikeactors",
    "pk": 72,
    "fields": { "actor_like_user": 6, "actor": 3735, "score": 1 }
  },
  {
    "model": "accounts.userlikeactors",
    "pk": 73,
    "fields": { "actor_like_user": 6, "actor": 1937533, "score": 1 }
  },
  {
    "model": "accounts.userlikeactors",
    "pk": 74,
    "fields": { "actor_like_user": 6, "actor": 1123145, "score": 1 }
  },
  {
    "model": "accounts.userlikeactors",
    "pk": 75,
    "fields": { "actor_like_user": 6, "actor": 1988490, "score": 1 }
  },
  {
    "model": "accounts.userlikeactors",
    "pk": 76,
    "fields": { "actor_like_user": 6, "actor": 1169313, "score": 1 }
  },
  {
    "model": "accounts.userlikeactors",
    "pk": 77,
    "fields": { "actor_like_user": 6, "actor": 2035488, "score": 1 }
  },
  {
    "model": "accounts.userlikeactors",
    "pk": 78,
    "fields": { "actor_like_user": 6, "actor": 2288847, "score": 1 }
  },
  {
    "model": "accounts.userlikeactors",
    "pk": 79,
    "fields": { "actor_like_user": 6, "actor": 2240033, "score": 1 }
  },
  {
    "model": "accounts.userlikeactors",
    "pk": 80,
    "fields": { "actor_like_user": 6, "actor": 141153, "score": 1 }
  },
  {
    "model": "accounts.userlikeactors",
    "pk": 81,
    "fields": { "actor_like_user": 6, "actor": 80754, "score": 1 }
  },
  {
    "model": "accounts.userlikeactors",
    "pk": 82,
    "fields": { "actor_like_user": 6, "actor": 144238, "score": 1 }
  },
  {
    "model": "accounts.userlikeactors",
    "pk": 83,
    "fields": { "actor_like_user": 6, "actor": 143803, "score": 1 }
  },
  {
    "model": "accounts.userlikeactors",
    "pk": 84,
    "fields": { "actor_like_user": 6, "actor": 235145, "score": 1 }
  },
  {
    "model": "accounts.userlikeactors",
    "pk": 85,
    "fields": { "actor_like_user": 6, "actor": 1133641, "score": 1 }
  },
  {
    "model": "accounts.userlikeactors",
    "pk": 86,
    "fields": { "actor_like_user": 6, "actor": 120351, "score": 1 }
  },
  {
    "model": "accounts.userlikeactors",
    "pk": 87,
    "fields": { "actor_like_user": 6, "actor": 139366, "score": 1 }
  },
  {
    "model": "accounts.userlikeactors",
    "pk": 88,
    "fields": { "actor_like_user": 6, "actor": 239610, "score": 1 }
  },
  {
    "model": "accounts.userlikeactors",
    "pk": 89,
    "fields": { "actor_like_user": 6, "actor": 941037, "score": 1 }
  },
  {
    "model": "accounts.userlikeactors",
    "pk": 90,
    "fields": { "actor_like_user": 2, "actor": 74568, "score": 3 }
  },
  {
    "model": "accounts.userlikeactors",
    "pk": 91,
    "fields": { "actor_like_user": 2, "actor": 524, "score": 2 }
  },
  {
    "model": "accounts.userlikeactors",
    "pk": 92,
    "fields": { "actor_like_user": 2, "actor": 3894, "score": 1 }
  },
  {
    "model": "accounts.userlikeactors",
    "pk": 93,
    "fields": { "actor_like_user": 2, "actor": 62561, "score": 2 }
  },
  {
    "model": "accounts.userlikeactors",
    "pk": 94,
    "fields": { "actor_like_user": 2, "actor": 55934, "score": 2 }
  },
  {
    "model": "accounts.userlikeactors",
    "pk": 95,
    "fields": { "actor_like_user": 2, "actor": 59817, "score": 1 }
  },
  {
    "model": "accounts.userlikeactors",
    "pk": 96,
    "fields": { "actor_like_user": 2, "actor": 934, "score": 1 }
  },
  {
    "model": "accounts.userlikeactors",
    "pk": 97,
    "fields": { "actor_like_user": 2, "actor": 73457, "score": 3 }
  },
  {
    "model": "accounts.userlikeactors",
    "pk": 98,
    "fields": { "actor_like_user": 2, "actor": 543261, "score": 3 }
  },
  {
    "model": "accounts.userlikeactors",
    "pk": 99,
    "fields": { "actor_like_user": 2, "actor": 172069, "score": 2 }
  },
  {
    "model": "accounts.userlikeactors",
    "pk": 100,
    "fields": { "actor_like_user": 2, "actor": 135651, "score": 1 }
  },
  {
    "model": "accounts.userlikeactors",
    "pk": 101,
    "fields": { "actor_like_user": 2, "actor": 7060, "score": 1 }
  },
  {
    "model": "accounts.userlikeactors",
    "pk": 102,
    "fields": { "actor_like_user": 2, "actor": 206919, "score": 1 }
  },
  {
    "model": "accounts.userlikeactors",
    "pk": 103,
    "fields": { "actor_like_user": 2, "actor": 1225953, "score": 1 }
  },
  {
    "model": "accounts.userlikeactors",
    "pk": 104,
    "fields": { "actor_like_user": 2, "actor": 71580, "score": 3 }
  },
  {
    "model": "accounts.userlikeactors",
    "pk": 105,
    "fields": { "actor_like_user": 2, "actor": 30082, "score": 1 }
  },
  {
    "model": "accounts.userlikeactors",
    "pk": 106,
    "fields": { "actor_like_user": 2, "actor": 550843, "score": 1 }
  },
  {
    "model": "accounts.userlikeactors",
    "pk": 107,
    "fields": { "actor_like_user": 2, "actor": 5294, "score": 1 }
  },
  {
    "model": "accounts.userlikeactors",
    "pk": 108,
    "fields": { "actor_like_user": 2, "actor": 1912381, "score": 1 }
  },
  {
    "model": "accounts.userlikeactors",
    "pk": 109,
    "fields": { "actor_like_user": 2, "actor": 1538879, "score": 1 }
  },
  {
    "model": "accounts.userlikeactors",
    "pk": 110,
    "fields": { "actor_like_user": 2, "actor": 2047847, "score": 1 }
  },
  {
    "model": "accounts.userlikeactors",
    "pk": 111,
    "fields": { "actor_like_user": 2, "actor": 1851642, "score": 1 }
  },
  {
    "model": "accounts.userlikeactors",
    "pk": 112,
    "fields": { "actor_like_user": 2, "actor": 2211274, "score": 1 }
  },
  {
    "model": "accounts.userlikeactors",
    "pk": 113,
    "fields": { "actor_like_user": 2, "actor": 2231, "score": 1 }
  },
  {
    "model": "accounts.userlikeactors",
    "pk": 114,
    "fields": { "actor_like_user": 2, "actor": 1245, "score": 3 }
  },
  {
    "model": "accounts.userlikeactors",
    "pk": 115,
    "fields": { "actor_like_user": 2, "actor": 1896, "score": 4 }
  },
  {
    "model": "accounts.userlikeactors",
    "pk": 116,
    "fields": { "actor_like_user": 2, "actor": 2295, "score": 1 }
  },
  {
    "model": "accounts.userlikeactors",
    "pk": 117,
    "fields": { "actor_like_user": 2, "actor": 3223, "score": 5 }
  },
  {
    "model": "accounts.userlikeactors",
    "pk": 118,
    "fields": { "actor_like_user": 2, "actor": 6807, "score": 1 }
  },
  {
    "model": "accounts.userlikeactors",
    "pk": 119,
    "fields": { "actor_like_user": 2, "actor": 12052, "score": 3 }
  },
  {
    "model": "accounts.userlikeactors",
    "pk": 120,
    "fields": { "actor_like_user": 2, "actor": 21134, "score": 1 }
  },
  {
    "model": "accounts.userlikeactors",
    "pk": 121,
    "fields": { "actor_like_user": 2, "actor": 9048, "score": 1 }
  },
  {
    "model": "accounts.userlikeactors",
    "pk": 122,
    "fields": { "actor_like_user": 2, "actor": 15277, "score": 2 }
  },
  {
    "model": "accounts.userlikeactors",
    "pk": 123,
    "fields": { "actor_like_user": 2, "actor": 1229, "score": 1 }
  },
  {
    "model": "accounts.userlikeactors",
    "pk": 124,
    "fields": { "actor_like_user": 2, "actor": 6162, "score": 1 }
  },
  {
    "model": "accounts.userlikeactors",
    "pk": 125,
    "fields": { "actor_like_user": 2, "actor": 18288, "score": 1 }
  },
  {
    "model": "accounts.userlikeactors",
    "pk": 126,
    "fields": { "actor_like_user": 2, "actor": 57451, "score": 1 }
  },
  {
    "model": "accounts.userlikeactors",
    "pk": 127,
    "fields": { "actor_like_user": 2, "actor": 17200, "score": 1 }
  },
  {
    "model": "accounts.userlikeactors",
    "pk": 128,
    "fields": { "actor_like_user": 2, "actor": 17857, "score": 1 }
  },
  {
    "model": "accounts.userlikeactors",
    "pk": 129,
    "fields": { "actor_like_user": 2, "actor": 529, "score": 1 }
  },
  {
    "model": "accounts.userlikeactors",
    "pk": 130,
    "fields": { "actor_like_user": 2, "actor": 2282, "score": 1 }
  },
  {
    "model": "accounts.userlikeactors",
    "pk": 131,
    "fields": { "actor_like_user": 2, "actor": 15556, "score": 1 }
  },
  {
    "model": "accounts.userlikeactors",
    "pk": 132,
    "fields": { "actor_like_user": 2, "actor": 18473, "score": 1 }
  },
  {
    "model": "accounts.userlikeactors",
    "pk": 133,
    "fields": { "actor_like_user": 2, "actor": 121953, "score": 1 }
  },
  {
    "model": "accounts.userlikeactors",
    "pk": 134,
    "fields": { "actor_like_user": 2, "actor": 1136406, "score": 1 }
  },
  {
    "model": "accounts.userlikeactors",
    "pk": 135,
    "fields": { "actor_like_user": 2, "actor": 103, "score": 2 }
  },
  {
    "model": "accounts.userlikeactors",
    "pk": 136,
    "fields": { "actor_like_user": 2, "actor": 16828, "score": 2 }
  },
  {
    "model": "accounts.userlikeactors",
    "pk": 137,
    "fields": { "actor_like_user": 2, "actor": 17604, "score": 1 }
  },
  {
    "model": "accounts.userlikeactors",
    "pk": 138,
    "fields": { "actor_like_user": 2, "actor": 22226, "score": 1 }
  },
  {
    "model": "accounts.userlikeactors",
    "pk": 139,
    "fields": { "actor_like_user": 7, "actor": 2231, "score": 4 }
  },
  {
    "model": "accounts.userlikeactors",
    "pk": 140,
    "fields": { "actor_like_user": 7, "actor": 1245, "score": 7 }
  },
  {
    "model": "accounts.userlikeactors",
    "pk": 141,
    "fields": { "actor_like_user": 7, "actor": 1896, "score": 6 }
  },
  {
    "model": "accounts.userlikeactors",
    "pk": 142,
    "fields": { "actor_like_user": 7, "actor": 2295, "score": 1 }
  },
  {
    "model": "accounts.userlikeactors",
    "pk": 143,
    "fields": { "actor_like_user": 7, "actor": 3223, "score": 9 }
  },
  {
    "model": "accounts.userlikeactors",
    "pk": 144,
    "fields": { "actor_like_user": 7, "actor": 6807, "score": 1 }
  },
  {
    "model": "accounts.userlikeactors",
    "pk": 145,
    "fields": { "actor_like_user": 7, "actor": 12052, "score": 3 }
  },
  {
    "model": "accounts.userlikeactors",
    "pk": 146,
    "fields": { "actor_like_user": 7, "actor": 21134, "score": 1 }
  },
  {
    "model": "accounts.userlikeactors",
    "pk": 147,
    "fields": { "actor_like_user": 7, "actor": 9048, "score": 1 }
  },
  {
    "model": "accounts.userlikeactors",
    "pk": 148,
    "fields": { "actor_like_user": 7, "actor": 15277, "score": 2 }
  },
  {
    "model": "accounts.userlikeactors",
    "pk": 149,
    "fields": { "actor_like_user": 7, "actor": 1229, "score": 1 }
  },
  {
    "model": "accounts.userlikeactors",
    "pk": 150,
    "fields": { "actor_like_user": 7, "actor": 6162, "score": 2 }
  },
  {
    "model": "accounts.userlikeactors",
    "pk": 151,
    "fields": { "actor_like_user": 7, "actor": 18288, "score": 1 }
  },
  {
    "model": "accounts.userlikeactors",
    "pk": 152,
    "fields": { "actor_like_user": 7, "actor": 57451, "score": 1 }
  },
  {
    "model": "accounts.userlikeactors",
    "pk": 153,
    "fields": { "actor_like_user": 7, "actor": 17200, "score": 1 }
  },
  {
    "model": "accounts.userlikeactors",
    "pk": 154,
    "fields": { "actor_like_user": 7, "actor": 17857, "score": 1 }
  },
  {
    "model": "accounts.userlikeactors",
    "pk": 155,
    "fields": { "actor_like_user": 7, "actor": 529, "score": 1 }
  },
  {
    "model": "accounts.userlikeactors",
    "pk": 156,
    "fields": { "actor_like_user": 7, "actor": 2282, "score": 1 }
  },
  {
    "model": "accounts.userlikeactors",
    "pk": 157,
    "fields": { "actor_like_user": 7, "actor": 15556, "score": 1 }
  },
  {
    "model": "accounts.userlikeactors",
    "pk": 158,
    "fields": { "actor_like_user": 7, "actor": 18473, "score": 1 }
  },
  {
    "model": "accounts.userlikeactors",
    "pk": 159,
    "fields": { "actor_like_user": 7, "actor": 121953, "score": 1 }
  },
  {
    "model": "accounts.userlikeactors",
    "pk": 160,
    "fields": { "actor_like_user": 7, "actor": 1083010, "score": 2 }
  },
  {
    "model": "accounts.userlikeactors",
    "pk": 161,
    "fields": { "actor_like_user": 7, "actor": 82104, "score": 2 }
  },
  {
    "model": "accounts.userlikeactors",
    "pk": 162,
    "fields": { "actor_like_user": 7, "actor": 1447932, "score": 2 }
  },
  {
    "model": "accounts.userlikeactors",
    "pk": 163,
    "fields": { "actor_like_user": 7, "actor": 139900, "score": 2 }
  },
  {
    "model": "accounts.userlikeactors",
    "pk": 164,
    "fields": { "actor_like_user": 7, "actor": 74568, "score": 5 }
  },
  {
    "model": "accounts.userlikeactors",
    "pk": 165,
    "fields": { "actor_like_user": 7, "actor": 73457, "score": 2 }
  },
  {
    "model": "accounts.userlikeactors",
    "pk": 166,
    "fields": { "actor_like_user": 7, "actor": 543261, "score": 2 }
  },
  {
    "model": "accounts.userlikeactors",
    "pk": 167,
    "fields": { "actor_like_user": 7, "actor": 1136406, "score": 1 }
  },
  {
    "model": "accounts.userlikeactors",
    "pk": 168,
    "fields": { "actor_like_user": 7, "actor": 71580, "score": 4 }
  },
  {
    "model": "accounts.userlikeactors",
    "pk": 169,
    "fields": { "actor_like_user": 7, "actor": 172069, "score": 2 }
  },
  {
    "model": "accounts.userlikeactors",
    "pk": 170,
    "fields": { "actor_like_user": 7, "actor": 103, "score": 4 }
  },
  {
    "model": "accounts.userlikeactors",
    "pk": 171,
    "fields": { "actor_like_user": 7, "actor": 16828, "score": 7 }
  },
  {
    "model": "accounts.userlikeactors",
    "pk": 172,
    "fields": { "actor_like_user": 7, "actor": 9780, "score": 1 }
  },
  {
    "model": "accounts.userlikeactors",
    "pk": 173,
    "fields": { "actor_like_user": 7, "actor": 524, "score": 1 }
  },
  {
    "model": "accounts.userlikeactors",
    "pk": 174,
    "fields": { "actor_like_user": 7, "actor": 62561, "score": 1 }
  },
  {
    "model": "accounts.userlikeactors",
    "pk": 175,
    "fields": { "actor_like_user": 7, "actor": 55934, "score": 1 }
  },
  {
    "model": "accounts.userlikeactors",
    "pk": 176,
    "fields": { "actor_like_user": 7, "actor": 17604, "score": 4 }
  },
  {
    "model": "accounts.userlikeactors",
    "pk": 177,
    "fields": { "actor_like_user": 7, "actor": 22226, "score": 1 }
  },
  {
    "model": "accounts.userlikeactors",
    "pk": 178,
    "fields": { "actor_like_user": 7, "actor": 71189, "score": 2 }
  },
  {
    "model": "accounts.userlikeactors",
    "pk": 179,
    "fields": { "actor_like_user": 7, "actor": 91606, "score": 1 }
  },
  {
    "model": "accounts.userlikeactors",
    "pk": 180,
    "fields": { "actor_like_user": 7, "actor": 13548, "score": 1 }
  },
  {
    "model": "accounts.userlikeactors",
    "pk": 181,
    "fields": { "actor_like_user": 7, "actor": 2203, "score": 1 }
  },
  {
    "model": "accounts.userlikeactors",
    "pk": 182,
    "fields": { "actor_like_user": 7, "actor": 2176, "score": 1 }
  },
  {
    "model": "accounts.userlikeactors",
    "pk": 183,
    "fields": { "actor_like_user": 7, "actor": 1331, "score": 1 }
  },
  {
    "model": "accounts.userlikeactors",
    "pk": 184,
    "fields": { "actor_like_user": 7, "actor": 55470, "score": 1 }
  },
  {
    "model": "accounts.userlikeactors",
    "pk": 185,
    "fields": { "actor_like_user": 7, "actor": 60898, "score": 3 }
  },
  {
    "model": "accounts.userlikeactors",
    "pk": 186,
    "fields": { "actor_like_user": 7, "actor": 15543, "score": 1 }
  },
  {
    "model": "accounts.userlikeactors",
    "pk": 187,
    "fields": { "actor_like_user": 7, "actor": 39459, "score": 2 }
  },
  {
    "model": "accounts.userlikeactors",
    "pk": 188,
    "fields": { "actor_like_user": 7, "actor": 13014, "score": 1 }
  },
  {
    "model": "accounts.userlikeactors",
    "pk": 189,
    "fields": { "actor_like_user": 7, "actor": 3129, "score": 1 }
  },
  {
    "model": "accounts.userlikeactors",
    "pk": 190,
    "fields": { "actor_like_user": 7, "actor": 227, "score": 1 }
  },
  {
    "model": "accounts.userlikeactors",
    "pk": 191,
    "fields": { "actor_like_user": 7, "actor": 819, "score": 1 }
  },
  {
    "model": "accounts.userlikeactors",
    "pk": 192,
    "fields": { "actor_like_user": 7, "actor": 882, "score": 1 }
  },
  {
    "model": "accounts.userlikeactors",
    "pk": 193,
    "fields": { "actor_like_user": 7, "actor": 1462, "score": 1 }
  },
  {
    "model": "accounts.userlikeactors",
    "pk": 194,
    "fields": { "actor_like_user": 7, "actor": 15232, "score": 1 }
  },
  {
    "model": "accounts.userlikeactors",
    "pk": 195,
    "fields": { "actor_like_user": 7, "actor": 68277, "score": 1 }
  },
  {
    "model": "accounts.userlikeactors",
    "pk": 196,
    "fields": { "actor_like_user": 7, "actor": 68278, "score": 1 }
  },
  {
    "model": "accounts.userlikeactors",
    "pk": 197,
    "fields": { "actor_like_user": 7, "actor": 19137, "score": 1 }
  },
  {
    "model": "accounts.userlikeactors",
    "pk": 198,
    "fields": { "actor_like_user": 7, "actor": 30082, "score": 2 }
  },
  {
    "model": "accounts.userlikeactors",
    "pk": 199,
    "fields": { "actor_like_user": 7, "actor": 550843, "score": 1 }
  },
  {
    "model": "accounts.userlikeactors",
    "pk": 200,
    "fields": { "actor_like_user": 7, "actor": 5294, "score": 2 }
  },
  {
    "model": "accounts.userlikeactors",
    "pk": 201,
    "fields": { "actor_like_user": 7, "actor": 1912381, "score": 1 }
  },
  {
    "model": "accounts.userlikeactors",
    "pk": 202,
    "fields": { "actor_like_user": 7, "actor": 1538879, "score": 1 }
  },
  {
    "model": "accounts.userlikeactors",
    "pk": 203,
    "fields": { "actor_like_user": 7, "actor": 2047847, "score": 1 }
  },
  {
    "model": "accounts.userlikeactors",
    "pk": 204,
    "fields": { "actor_like_user": 7, "actor": 1851642, "score": 1 }
  },
  {
    "model": "accounts.userlikeactors",
    "pk": 205,
    "fields": { "actor_like_user": 7, "actor": 2211274, "score": 1 }
  },
  {
    "model": "accounts.userlikeactors",
    "pk": 206,
    "fields": { "actor_like_user": 7, "actor": 4589, "score": 1 }
  },
  {
    "model": "accounts.userlikeactors",
    "pk": 207,
    "fields": { "actor_like_user": 7, "actor": 1019, "score": 1 }
  },
  {
    "model": "accounts.userlikeactors",
    "pk": 208,
    "fields": { "actor_like_user": 7, "actor": 3063, "score": 1 }
  },
  {
    "model": "accounts.userlikeactors",
    "pk": 209,
    "fields": { "actor_like_user": 7, "actor": 78110, "score": 1 }
  },
  {
    "model": "accounts.userlikeactors",
    "pk": 210,
    "fields": { "actor_like_user": 7, "actor": 72873, "score": 1 }
  },
  {
    "model": "accounts.userlikeactors",
    "pk": 211,
    "fields": { "actor_like_user": 7, "actor": 53714, "score": 1 }
  },
  {
    "model": "accounts.userlikeactors",
    "pk": 212,
    "fields": { "actor_like_user": 7, "actor": 1498158, "score": 1 }
  },
  {
    "model": "accounts.userlikeactors",
    "pk": 213,
    "fields": { "actor_like_user": 7, "actor": 3131, "score": 1 }
  },
  {
    "model": "accounts.userlikeactors",
    "pk": 214,
    "fields": { "actor_like_user": 7, "actor": 388, "score": 1 }
  },
  {
    "model": "accounts.userlikeactors",
    "pk": 215,
    "fields": { "actor_like_user": 7, "actor": 3968, "score": 1 }
  },
  {
    "model": "accounts.userlikeactors",
    "pk": 216,
    "fields": { "actor_like_user": 7, "actor": 7056, "score": 1 }
  },
  {
    "model": "accounts.userlikeactors",
    "pk": 217,
    "fields": { "actor_like_user": 7, "actor": 56446, "score": 1 }
  },
  {
    "model": "accounts.userlikeactors",
    "pk": 218,
    "fields": { "actor_like_user": 7, "actor": 17838, "score": 1 }
  },
  {
    "model": "accounts.userlikeactors",
    "pk": 219,
    "fields": { "actor_like_user": 7, "actor": 1789952, "score": 1 }
  },
  {
    "model": "accounts.userlikeactors",
    "pk": 220,
    "fields": { "actor_like_user": 7, "actor": 1318905, "score": 1 }
  },
  {
    "model": "accounts.userlikeactors",
    "pk": 221,
    "fields": { "actor_like_user": 7, "actor": 118333, "score": 1 }
  },
  {
    "model": "accounts.userlikeactors",
    "pk": 222,
    "fields": { "actor_like_user": 7, "actor": 29837, "score": 1 }
  },
  {
    "model": "accounts.userlikeactors",
    "pk": 223,
    "fields": { "actor_like_user": 7, "actor": 2203226, "score": 1 }
  },
  {
    "model": "accounts.userlikeactors",
    "pk": 224,
    "fields": { "actor_like_user": 7, "actor": 2217012, "score": 1 }
  },
  {
    "model": "accounts.userlikeactors",
    "pk": 225,
    "fields": { "actor_like_user": 7, "actor": 1744790, "score": 1 }
  },
  {
    "model": "accounts.userlikeactors",
    "pk": 226,
    "fields": { "actor_like_user": 7, "actor": 81002, "score": 1 }
  },
  {
    "model": "accounts.userlikeactors",
    "pk": 227,
    "fields": { "actor_like_user": 7, "actor": 2216700, "score": 1 }
  },
  {
    "model": "accounts.userlikeactors",
    "pk": 228,
    "fields": { "actor_like_user": 7, "actor": 1257146, "score": 1 }
  },
  {
    "model": "accounts.userlikeactors",
    "pk": 229,
    "fields": { "actor_like_user": 7, "actor": 3872, "score": 1 }
  },
  {
    "model": "accounts.userlikeactors",
    "pk": 230,
    "fields": { "actor_like_user": 7, "actor": 53650, "score": 2 }
  },
  {
    "model": "accounts.userlikeactors",
    "pk": 231,
    "fields": { "actor_like_user": 7, "actor": 97576, "score": 1 }
  },
  {
    "model": "accounts.userlikeactors",
    "pk": 232,
    "fields": { "actor_like_user": 7, "actor": 938, "score": 1 }
  },
  {
    "model": "accounts.userlikeactors",
    "pk": 233,
    "fields": { "actor_like_user": 7, "actor": 9642, "score": 1 }
  },
  {
    "model": "accounts.userlikeactors",
    "pk": 234,
    "fields": { "actor_like_user": 7, "actor": 516, "score": 1 }
  },
  {
    "model": "accounts.userlikeactors",
    "pk": 235,
    "fields": { "actor_like_user": 7, "actor": 60073, "score": 1 }
  },
  {
    "model": "accounts.userlikeactors",
    "pk": 236,
    "fields": { "actor_like_user": 7, "actor": 77335, "score": 1 }
  },
  {
    "model": "accounts.userlikeactors",
    "pk": 237,
    "fields": { "actor_like_user": 7, "actor": 1360281, "score": 1 }
  },
  {
    "model": "accounts.userlikeactors",
    "pk": 238,
    "fields": { "actor_like_user": 7, "actor": 72095, "score": 1 }
  },
  {
    "model": "accounts.userlikeactors",
    "pk": 239,
    "fields": { "actor_like_user": 7, "actor": 4135, "score": 1 }
  },
  {
    "model": "accounts.userlikeactors",
    "pk": 240,
    "fields": { "actor_like_user": 7, "actor": 81685, "score": 1 }
  },
  {
    "model": "accounts.userlikeactors",
    "pk": 241,
    "fields": { "actor_like_user": 7, "actor": 84247, "score": 1 }
  },
  {
    "model": "accounts.userlikedirectors",
    "pk": 1,
    "fields": { "director_like_user": 2, "director": 1056121, "score": 1 }
  },
  {
    "model": "accounts.userlikedirectors",
    "pk": 2,
    "fields": { "director_like_user": 2, "director": 59521, "score": 1 }
  },
  {
    "model": "accounts.userlikedirectors",
    "pk": 3,
    "fields": { "director_like_user": 2, "director": 173847, "score": 1 }
  },
  {
    "model": "accounts.userlikedirectors",
    "pk": 4,
    "fields": { "director_like_user": 2, "director": 55934, "score": 1 }
  },
  {
    "model": "accounts.userreviewscore",
    "pk": 1,
    "fields": { "review_user": 2, "review_movie": 38015, "score": 10 }
  },
  {
    "model": "accounts.userreviewscore",
    "pk": 2,
    "fields": { "review_user": 2, "review_movie": 38015, "score": 10 }
  },
  {
    "model": "accounts.userreviewscore",
    "pk": 3,
    "fields": { "review_user": 6, "review_movie": 38015, "score": 10 }
  },
  {
    "model": "accounts.userreviewscore",
    "pk": 4,
    "fields": { "review_user": 6, "review_movie": 38015, "score": 10 }
  },
  {
    "model": "accounts.userreviewscore",
    "pk": 5,
    "fields": { "review_user": 6, "review_movie": 496243, "score": 8 }
  },
  {
    "model": "accounts.userreviewscore",
    "pk": 6,
    "fields": { "review_user": 6, "review_movie": 496243, "score": 10 }
  },
  {
    "model": "accounts.userreviewscore",
    "pk": 7,
    "fields": { "review_user": 6, "review_movie": 346646, "score": 9 }
  },
  {
    "model": "accounts.userreviewscore",
    "pk": 8,
    "fields": { "review_user": 6, "review_movie": 346646, "score": 10 }
  },
  {
    "model": "accounts.userreviewscore",
    "pk": 9,
    "fields": { "review_user": 6, "review_movie": 346646, "score": 9 }
  },
  {
    "model": "accounts.userreviewscore",
    "pk": 10,
    "fields": { "review_user": 2, "review_movie": 505642, "score": 6 }
  },
  {
    "model": "feed.review",
    "pk": 1,
    "fields": {
      "content": "재밌어요",
      "score": 10.0,
      "watched": true,
      "user": 2,
      "movie": 38015
    }
  },
  {
    "model": "feed.review",
    "pk": 2,
    "fields": {
      "content": "그냥보셈.",
      "score": 10.0,
      "watched": true,
      "user": 6,
      "movie": 38015
    }
  },
  {
    "model": "feed.review",
    "pk": 3,
    "fields": {
      "content": "그냥보셈.",
      "score": 10.0,
      "watched": true,
      "user": 6,
      "movie": 38015
    }
  },
  {
    "model": "feed.review",
    "pk": 4,
    "fields": {
      "content": "좀슬플지도",
      "score": 8.0,
      "watched": true,
      "user": 6,
      "movie": 496243
    }
  },
  {
    "model": "feed.review",
    "pk": 5,
    "fields": {
      "content": "재밌어요",
      "score": 10.0,
      "watched": true,
      "user": 6,
      "movie": 496243
    }
  },
  {
    "model": "feed.review",
    "pk": 6,
    "fields": {
      "content": "그냥 보셈",
      "score": 9.0,
      "watched": true,
      "user": 6,
      "movie": 346646
    }
  },
  {
    "model": "feed.review",
    "pk": 7,
    "fields": {
      "content": "머야 이거 암살 보다 재미 있네",
      "score": 10.0,
      "watched": true,
      "user": 6,
      "movie": 346646
    }
  },
  {
    "model": "feed.review",
    "pk": 8,
    "fields": {
      "content": "황정민, 유해진, 오달수의 연기력도 대단하지만 유아인이라는 배우를 다시 보게 되는 영화. 유아인의 연기가 이 영화의 핵심!",
      "score": 9.0,
      "watched": true,
      "user": 6,
      "movie": 346646
    }
  },
  {
    "model": "feed.review",
    "pk": 9,
    "fields": {
      "content": "재미없어요",
      "score": 6.0,
      "watched": true,
      "user": 2,
      "movie": 505642
    }
  },
  {
    "model": "sites.site",
    "pk": 7,
    "fields": { "domain": "127.0.0.1:8000", "name": "127.0.0.1:8000" }
  },
  {
    "model": "account.emailaddress",
    "pk": 1,
    "fields": {
      "user": 2,
      "email": "tlsdnrng@gmail.com",
      "verified": true,
      "primary": true
    }
  },
  {
    "model": "account.emailaddress",
    "pk": 2,
    "fields": {
      "user": 3,
      "email": "tkvl3@gmail.com",
      "verified": false,
      "primary": true
    }
  },
  {
    "model": "account.emailaddress",
    "pk": 3,
    "fields": {
      "user": 4,
      "email": "tkvl4@gmail.com",
      "verified": false,
      "primary": true
    }
  },
  {
    "model": "account.emailaddress",
    "pk": 4,
    "fields": {
      "user": 5,
      "email": "tkvl5@gmail.com",
      "verified": false,
      "primary": true
    }
  },
  {
    "model": "account.emailaddress",
    "pk": 5,
    "fields": {
      "user": 6,
      "email": "tkvl1@gmail.com",
      "verified": false,
      "primary": true
    }
  },
  {
    "model": "account.emailaddress",
    "pk": 6,
    "fields": {
      "user": 7,
      "email": "tkvl2@gmail.com",
      "verified": false,
      "primary": true
    }
  },
  {
    "model": "socialaccount.socialapp",
    "pk": 1,
    "fields": {
      "provider": "kakao",
      "name": "kakao",
      "client_id": "9e23cba329b4a051b6a8d2fa14e8ddf2",
      "secret": "",
      "key": "",
      "sites": [7]
    }
  },
  {
    "model": "socialaccount.socialaccount",
    "pk": 1,
    "fields": {
      "user": 2,
      "provider": "kakao",
      "uid": "2546270313",
      "last_login": "2022-11-24T21:01:33.333Z",
      "date_joined": "2022-11-24T11:44:34.611Z",
      "extra_data": "{\"id\": 2546270313, \"connected_at\": \"2022-11-23T10:45:12Z\", \"properties\": {\"nickname\": \"\\uac15\\uc2e0\\uc6b1\"}, \"kakao_account\": {\"profile_nickname_needs_agreement\": false, \"profile\": {\"nickname\": \"\\uac15\\uc2e0\\uc6b1\"}, \"has_email\": true, \"email_needs_agreement\": false, \"is_email_valid\": true, \"is_email_verified\": true, \"email\": \"tlsdnrng@gmail.com\"}}"
    }
  },
  {
    "model": "admin.logentry",
    "pk": 1,
    "fields": {
      "action_time": "2022-11-24T05:06:23.842Z",
      "user": 1,
      "content_type": 17,
      "object_id": "7",
      "object_repr": "127.0.0.1:8000/",
      "action_flag": 2,
      "change_message": "[{\"changed\": {\"fields\": [\"Domain name\", \"Display name\"]}}]"
    }
  },
  {
    "model": "admin.logentry",
    "pk": 2,
    "fields": {
      "action_time": "2022-11-24T05:11:38.882Z",
      "user": 1,
      "content_type": 17,
      "object_id": "7",
      "object_repr": "127.0.0.1:8000",
      "action_flag": 2,
      "change_message": "[{\"changed\": {\"fields\": [\"Domain name\", \"Display name\"]}}]"
    }
  },
  {
    "model": "admin.logentry",
    "pk": 3,
    "fields": {
      "action_time": "2022-11-24T05:11:46.406Z",
      "user": 1,
      "content_type": 17,
      "object_id": "7",
      "object_repr": "127.0.0.1:8000",
      "action_flag": 2,
      "change_message": "[]"
    }
  },
  {
    "model": "admin.logentry",
    "pk": 4,
    "fields": {
      "action_time": "2022-11-24T05:11:52.169Z",
      "user": 1,
      "content_type": 17,
      "object_id": "7",
      "object_repr": "127.0.0.1:8080",
      "action_flag": 2,
      "change_message": "[{\"changed\": {\"fields\": [\"Domain name\", \"Display name\"]}}]"
    }
  },
  {
    "model": "admin.logentry",
    "pk": 5,
    "fields": {
      "action_time": "2022-11-24T05:12:52.514Z",
      "user": 1,
      "content_type": 17,
      "object_id": "7",
      "object_repr": "127.0.0.1:8000",
      "action_flag": 2,
      "change_message": "[{\"changed\": {\"fields\": [\"Domain name\", \"Display name\"]}}]"
    }
  },
  {
    "model": "admin.logentry",
    "pk": 6,
    "fields": {
      "action_time": "2022-11-24T11:44:25.733Z",
      "user": 1,
      "content_type": 21,
      "object_id": "1",
      "object_repr": "kakao",
      "action_flag": 1,
      "change_message": "[{\"added\": {}}]"
    }
  },
  {
    "model": "auth.permission",
    "pk": 1,
    "fields": {
      "name": "Can add genre",
      "content_type": 1,
      "codename": "add_genre"
    }
  },
  {
    "model": "auth.permission",
    "pk": 2,
    "fields": {
      "name": "Can change genre",
      "content_type": 1,
      "codename": "change_genre"
    }
  },
  {
    "model": "auth.permission",
    "pk": 3,
    "fields": {
      "name": "Can delete genre",
      "content_type": 1,
      "codename": "delete_genre"
    }
  },
  {
    "model": "auth.permission",
    "pk": 4,
    "fields": {
      "name": "Can view genre",
      "content_type": 1,
      "codename": "view_genre"
    }
  },
  {
    "model": "auth.permission",
    "pk": 5,
    "fields": {
      "name": "Can add movie",
      "content_type": 2,
      "codename": "add_movie"
    }
  },
  {
    "model": "auth.permission",
    "pk": 6,
    "fields": {
      "name": "Can change movie",
      "content_type": 2,
      "codename": "change_movie"
    }
  },
  {
    "model": "auth.permission",
    "pk": 7,
    "fields": {
      "name": "Can delete movie",
      "content_type": 2,
      "codename": "delete_movie"
    }
  },
  {
    "model": "auth.permission",
    "pk": 8,
    "fields": {
      "name": "Can view movie",
      "content_type": 2,
      "codename": "view_movie"
    }
  },
  {
    "model": "auth.permission",
    "pk": 9,
    "fields": {
      "name": "Can add netflix top10",
      "content_type": 3,
      "codename": "add_netflixtop10"
    }
  },
  {
    "model": "auth.permission",
    "pk": 10,
    "fields": {
      "name": "Can change netflix top10",
      "content_type": 3,
      "codename": "change_netflixtop10"
    }
  },
  {
    "model": "auth.permission",
    "pk": 11,
    "fields": {
      "name": "Can delete netflix top10",
      "content_type": 3,
      "codename": "delete_netflixtop10"
    }
  },
  {
    "model": "auth.permission",
    "pk": 12,
    "fields": {
      "name": "Can view netflix top10",
      "content_type": 3,
      "codename": "view_netflixtop10"
    }
  },
  {
    "model": "auth.permission",
    "pk": 13,
    "fields": {
      "name": "Can add watcha top10",
      "content_type": 4,
      "codename": "add_watchatop10"
    }
  },
  {
    "model": "auth.permission",
    "pk": 14,
    "fields": {
      "name": "Can change watcha top10",
      "content_type": 4,
      "codename": "change_watchatop10"
    }
  },
  {
    "model": "auth.permission",
    "pk": 15,
    "fields": {
      "name": "Can delete watcha top10",
      "content_type": 4,
      "codename": "delete_watchatop10"
    }
  },
  {
    "model": "auth.permission",
    "pk": 16,
    "fields": {
      "name": "Can view watcha top10",
      "content_type": 4,
      "codename": "view_watchatop10"
    }
  },
  {
    "model": "auth.permission",
    "pk": 17,
    "fields": {
      "name": "Can add provider",
      "content_type": 5,
      "codename": "add_provider"
    }
  },
  {
    "model": "auth.permission",
    "pk": 18,
    "fields": {
      "name": "Can change provider",
      "content_type": 5,
      "codename": "change_provider"
    }
  },
  {
    "model": "auth.permission",
    "pk": 19,
    "fields": {
      "name": "Can delete provider",
      "content_type": 5,
      "codename": "delete_provider"
    }
  },
  {
    "model": "auth.permission",
    "pk": 20,
    "fields": {
      "name": "Can view provider",
      "content_type": 5,
      "codename": "view_provider"
    }
  },
  {
    "model": "auth.permission",
    "pk": 21,
    "fields": {
      "name": "Can add director",
      "content_type": 6,
      "codename": "add_director"
    }
  },
  {
    "model": "auth.permission",
    "pk": 22,
    "fields": {
      "name": "Can change director",
      "content_type": 6,
      "codename": "change_director"
    }
  },
  {
    "model": "auth.permission",
    "pk": 23,
    "fields": {
      "name": "Can delete director",
      "content_type": 6,
      "codename": "delete_director"
    }
  },
  {
    "model": "auth.permission",
    "pk": 24,
    "fields": {
      "name": "Can view director",
      "content_type": 6,
      "codename": "view_director"
    }
  },
  {
    "model": "auth.permission",
    "pk": 25,
    "fields": {
      "name": "Can add actor",
      "content_type": 7,
      "codename": "add_actor"
    }
  },
  {
    "model": "auth.permission",
    "pk": 26,
    "fields": {
      "name": "Can change actor",
      "content_type": 7,
      "codename": "change_actor"
    }
  },
  {
    "model": "auth.permission",
    "pk": 27,
    "fields": {
      "name": "Can delete actor",
      "content_type": 7,
      "codename": "delete_actor"
    }
  },
  {
    "model": "auth.permission",
    "pk": 28,
    "fields": {
      "name": "Can view actor",
      "content_type": 7,
      "codename": "view_actor"
    }
  },
  {
    "model": "auth.permission",
    "pk": 29,
    "fields": {
      "name": "Can add user",
      "content_type": 8,
      "codename": "add_user"
    }
  },
  {
    "model": "auth.permission",
    "pk": 30,
    "fields": {
      "name": "Can change user",
      "content_type": 8,
      "codename": "change_user"
    }
  },
  {
    "model": "auth.permission",
    "pk": 31,
    "fields": {
      "name": "Can delete user",
      "content_type": 8,
      "codename": "delete_user"
    }
  },
  {
    "model": "auth.permission",
    "pk": 32,
    "fields": {
      "name": "Can view user",
      "content_type": 8,
      "codename": "view_user"
    }
  },
  {
    "model": "auth.permission",
    "pk": 33,
    "fields": {
      "name": "Can add user similar",
      "content_type": 9,
      "codename": "add_usersimilar"
    }
  },
  {
    "model": "auth.permission",
    "pk": 34,
    "fields": {
      "name": "Can change user similar",
      "content_type": 9,
      "codename": "change_usersimilar"
    }
  },
  {
    "model": "auth.permission",
    "pk": 35,
    "fields": {
      "name": "Can delete user similar",
      "content_type": 9,
      "codename": "delete_usersimilar"
    }
  },
  {
    "model": "auth.permission",
    "pk": 36,
    "fields": {
      "name": "Can view user similar",
      "content_type": 9,
      "codename": "view_usersimilar"
    }
  },
  {
    "model": "auth.permission",
    "pk": 37,
    "fields": {
      "name": "Can add user review score",
      "content_type": 10,
      "codename": "add_userreviewscore"
    }
  },
  {
    "model": "auth.permission",
    "pk": 38,
    "fields": {
      "name": "Can change user review score",
      "content_type": 10,
      "codename": "change_userreviewscore"
    }
  },
  {
    "model": "auth.permission",
    "pk": 39,
    "fields": {
      "name": "Can delete user review score",
      "content_type": 10,
      "codename": "delete_userreviewscore"
    }
  },
  {
    "model": "auth.permission",
    "pk": 40,
    "fields": {
      "name": "Can view user review score",
      "content_type": 10,
      "codename": "view_userreviewscore"
    }
  },
  {
    "model": "auth.permission",
    "pk": 41,
    "fields": {
      "name": "Can add user like genres",
      "content_type": 11,
      "codename": "add_userlikegenres"
    }
  },
  {
    "model": "auth.permission",
    "pk": 42,
    "fields": {
      "name": "Can change user like genres",
      "content_type": 11,
      "codename": "change_userlikegenres"
    }
  },
  {
    "model": "auth.permission",
    "pk": 43,
    "fields": {
      "name": "Can delete user like genres",
      "content_type": 11,
      "codename": "delete_userlikegenres"
    }
  },
  {
    "model": "auth.permission",
    "pk": 44,
    "fields": {
      "name": "Can view user like genres",
      "content_type": 11,
      "codename": "view_userlikegenres"
    }
  },
  {
    "model": "auth.permission",
    "pk": 45,
    "fields": {
      "name": "Can add user like directors",
      "content_type": 12,
      "codename": "add_userlikedirectors"
    }
  },
  {
    "model": "auth.permission",
    "pk": 46,
    "fields": {
      "name": "Can change user like directors",
      "content_type": 12,
      "codename": "change_userlikedirectors"
    }
  },
  {
    "model": "auth.permission",
    "pk": 47,
    "fields": {
      "name": "Can delete user like directors",
      "content_type": 12,
      "codename": "delete_userlikedirectors"
    }
  },
  {
    "model": "auth.permission",
    "pk": 48,
    "fields": {
      "name": "Can view user like directors",
      "content_type": 12,
      "codename": "view_userlikedirectors"
    }
  },
  {
    "model": "auth.permission",
    "pk": 49,
    "fields": {
      "name": "Can add user like actors",
      "content_type": 13,
      "codename": "add_userlikeactors"
    }
  },
  {
    "model": "auth.permission",
    "pk": 50,
    "fields": {
      "name": "Can change user like actors",
      "content_type": 13,
      "codename": "change_userlikeactors"
    }
  },
  {
    "model": "auth.permission",
    "pk": 51,
    "fields": {
      "name": "Can delete user like actors",
      "content_type": 13,
      "codename": "delete_userlikeactors"
    }
  },
  {
    "model": "auth.permission",
    "pk": 52,
    "fields": {
      "name": "Can view user like actors",
      "content_type": 13,
      "codename": "view_userlikeactors"
    }
  },
  {
    "model": "auth.permission",
    "pk": 53,
    "fields": {
      "name": "Can add review",
      "content_type": 14,
      "codename": "add_review"
    }
  },
  {
    "model": "auth.permission",
    "pk": 54,
    "fields": {
      "name": "Can change review",
      "content_type": 14,
      "codename": "change_review"
    }
  },
  {
    "model": "auth.permission",
    "pk": 55,
    "fields": {
      "name": "Can delete review",
      "content_type": 14,
      "codename": "delete_review"
    }
  },
  {
    "model": "auth.permission",
    "pk": 56,
    "fields": {
      "name": "Can view review",
      "content_type": 14,
      "codename": "view_review"
    }
  },
  {
    "model": "auth.permission",
    "pk": 57,
    "fields": {
      "name": "Can add Token",
      "content_type": 15,
      "codename": "add_token"
    }
  },
  {
    "model": "auth.permission",
    "pk": 58,
    "fields": {
      "name": "Can change Token",
      "content_type": 15,
      "codename": "change_token"
    }
  },
  {
    "model": "auth.permission",
    "pk": 59,
    "fields": {
      "name": "Can delete Token",
      "content_type": 15,
      "codename": "delete_token"
    }
  },
  {
    "model": "auth.permission",
    "pk": 60,
    "fields": {
      "name": "Can view Token",
      "content_type": 15,
      "codename": "view_token"
    }
  },
  {
    "model": "auth.permission",
    "pk": 61,
    "fields": {
      "name": "Can add token",
      "content_type": 16,
      "codename": "add_tokenproxy"
    }
  },
  {
    "model": "auth.permission",
    "pk": 62,
    "fields": {
      "name": "Can change token",
      "content_type": 16,
      "codename": "change_tokenproxy"
    }
  },
  {
    "model": "auth.permission",
    "pk": 63,
    "fields": {
      "name": "Can delete token",
      "content_type": 16,
      "codename": "delete_tokenproxy"
    }
  },
  {
    "model": "auth.permission",
    "pk": 64,
    "fields": {
      "name": "Can view token",
      "content_type": 16,
      "codename": "view_tokenproxy"
    }
  },
  {
    "model": "auth.permission",
    "pk": 65,
    "fields": {
      "name": "Can add site",
      "content_type": 17,
      "codename": "add_site"
    }
  },
  {
    "model": "auth.permission",
    "pk": 66,
    "fields": {
      "name": "Can change site",
      "content_type": 17,
      "codename": "change_site"
    }
  },
  {
    "model": "auth.permission",
    "pk": 67,
    "fields": {
      "name": "Can delete site",
      "content_type": 17,
      "codename": "delete_site"
    }
  },
  {
    "model": "auth.permission",
    "pk": 68,
    "fields": {
      "name": "Can view site",
      "content_type": 17,
      "codename": "view_site"
    }
  },
  {
    "model": "auth.permission",
    "pk": 69,
    "fields": {
      "name": "Can add email address",
      "content_type": 18,
      "codename": "add_emailaddress"
    }
  },
  {
    "model": "auth.permission",
    "pk": 70,
    "fields": {
      "name": "Can change email address",
      "content_type": 18,
      "codename": "change_emailaddress"
    }
  },
  {
    "model": "auth.permission",
    "pk": 71,
    "fields": {
      "name": "Can delete email address",
      "content_type": 18,
      "codename": "delete_emailaddress"
    }
  },
  {
    "model": "auth.permission",
    "pk": 72,
    "fields": {
      "name": "Can view email address",
      "content_type": 18,
      "codename": "view_emailaddress"
    }
  },
  {
    "model": "auth.permission",
    "pk": 73,
    "fields": {
      "name": "Can add email confirmation",
      "content_type": 19,
      "codename": "add_emailconfirmation"
    }
  },
  {
    "model": "auth.permission",
    "pk": 74,
    "fields": {
      "name": "Can change email confirmation",
      "content_type": 19,
      "codename": "change_emailconfirmation"
    }
  },
  {
    "model": "auth.permission",
    "pk": 75,
    "fields": {
      "name": "Can delete email confirmation",
      "content_type": 19,
      "codename": "delete_emailconfirmation"
    }
  },
  {
    "model": "auth.permission",
    "pk": 76,
    "fields": {
      "name": "Can view email confirmation",
      "content_type": 19,
      "codename": "view_emailconfirmation"
    }
  },
  {
    "model": "auth.permission",
    "pk": 77,
    "fields": {
      "name": "Can add social account",
      "content_type": 20,
      "codename": "add_socialaccount"
    }
  },
  {
    "model": "auth.permission",
    "pk": 78,
    "fields": {
      "name": "Can change social account",
      "content_type": 20,
      "codename": "change_socialaccount"
    }
  },
  {
    "model": "auth.permission",
    "pk": 79,
    "fields": {
      "name": "Can delete social account",
      "content_type": 20,
      "codename": "delete_socialaccount"
    }
  },
  {
    "model": "auth.permission",
    "pk": 80,
    "fields": {
      "name": "Can view social account",
      "content_type": 20,
      "codename": "view_socialaccount"
    }
  },
  {
    "model": "auth.permission",
    "pk": 81,
    "fields": {
      "name": "Can add social application",
      "content_type": 21,
      "codename": "add_socialapp"
    }
  },
  {
    "model": "auth.permission",
    "pk": 82,
    "fields": {
      "name": "Can change social application",
      "content_type": 21,
      "codename": "change_socialapp"
    }
  },
  {
    "model": "auth.permission",
    "pk": 83,
    "fields": {
      "name": "Can delete social application",
      "content_type": 21,
      "codename": "delete_socialapp"
    }
  },
  {
    "model": "auth.permission",
    "pk": 84,
    "fields": {
      "name": "Can view social application",
      "content_type": 21,
      "codename": "view_socialapp"
    }
  },
  {
    "model": "auth.permission",
    "pk": 85,
    "fields": {
      "name": "Can add social application token",
      "content_type": 22,
      "codename": "add_socialtoken"
    }
  },
  {
    "model": "auth.permission",
    "pk": 86,
    "fields": {
      "name": "Can change social application token",
      "content_type": 22,
      "codename": "change_socialtoken"
    }
  },
  {
    "model": "auth.permission",
    "pk": 87,
    "fields": {
      "name": "Can delete social application token",
      "content_type": 22,
      "codename": "delete_socialtoken"
    }
  },
  {
    "model": "auth.permission",
    "pk": 88,
    "fields": {
      "name": "Can view social application token",
      "content_type": 22,
      "codename": "view_socialtoken"
    }
  },
  {
    "model": "auth.permission",
    "pk": 89,
    "fields": {
      "name": "Can add log entry",
      "content_type": 23,
      "codename": "add_logentry"
    }
  },
  {
    "model": "auth.permission",
    "pk": 90,
    "fields": {
      "name": "Can change log entry",
      "content_type": 23,
      "codename": "change_logentry"
    }
  },
  {
    "model": "auth.permission",
    "pk": 91,
    "fields": {
      "name": "Can delete log entry",
      "content_type": 23,
      "codename": "delete_logentry"
    }
  },
  {
    "model": "auth.permission",
    "pk": 92,
    "fields": {
      "name": "Can view log entry",
      "content_type": 23,
      "codename": "view_logentry"
    }
  },
  {
    "model": "auth.permission",
    "pk": 93,
    "fields": {
      "name": "Can add permission",
      "content_type": 24,
      "codename": "add_permission"
    }
  },
  {
    "model": "auth.permission",
    "pk": 94,
    "fields": {
      "name": "Can change permission",
      "content_type": 24,
      "codename": "change_permission"
    }
  },
  {
    "model": "auth.permission",
    "pk": 95,
    "fields": {
      "name": "Can delete permission",
      "content_type": 24,
      "codename": "delete_permission"
    }
  },
  {
    "model": "auth.permission",
    "pk": 96,
    "fields": {
      "name": "Can view permission",
      "content_type": 24,
      "codename": "view_permission"
    }
  },
  {
    "model": "auth.permission",
    "pk": 97,
    "fields": {
      "name": "Can add group",
      "content_type": 25,
      "codename": "add_group"
    }
  },
  {
    "model": "auth.permission",
    "pk": 98,
    "fields": {
      "name": "Can change group",
      "content_type": 25,
      "codename": "change_group"
    }
  },
  {
    "model": "auth.permission",
    "pk": 99,
    "fields": {
      "name": "Can delete group",
      "content_type": 25,
      "codename": "delete_group"
    }
  },
  {
    "model": "auth.permission",
    "pk": 100,
    "fields": {
      "name": "Can view group",
      "content_type": 25,
      "codename": "view_group"
    }
  },
  {
    "model": "auth.permission",
    "pk": 101,
    "fields": {
      "name": "Can add content type",
      "content_type": 26,
      "codename": "add_contenttype"
    }
  },
  {
    "model": "auth.permission",
    "pk": 102,
    "fields": {
      "name": "Can change content type",
      "content_type": 26,
      "codename": "change_contenttype"
    }
  },
  {
    "model": "auth.permission",
    "pk": 103,
    "fields": {
      "name": "Can delete content type",
      "content_type": 26,
      "codename": "delete_contenttype"
    }
  },
  {
    "model": "auth.permission",
    "pk": 104,
    "fields": {
      "name": "Can view content type",
      "content_type": 26,
      "codename": "view_contenttype"
    }
  },
  {
    "model": "auth.permission",
    "pk": 105,
    "fields": {
      "name": "Can add session",
      "content_type": 27,
      "codename": "add_session"
    }
  },
  {
    "model": "auth.permission",
    "pk": 106,
    "fields": {
      "name": "Can change session",
      "content_type": 27,
      "codename": "change_session"
    }
  },
  {
    "model": "auth.permission",
    "pk": 107,
    "fields": {
      "name": "Can delete session",
      "content_type": 27,
      "codename": "delete_session"
    }
  },
  {
    "model": "auth.permission",
    "pk": 108,
    "fields": {
      "name": "Can view session",
      "content_type": 27,
      "codename": "view_session"
    }
  },
  {
    "model": "contenttypes.contenttype",
    "pk": 1,
    "fields": { "app_label": "api", "model": "genre" }
  },
  {
    "model": "contenttypes.contenttype",
    "pk": 2,
    "fields": { "app_label": "api", "model": "movie" }
  },
  {
    "model": "contenttypes.contenttype",
    "pk": 3,
    "fields": { "app_label": "api", "model": "netflixtop10" }
  },
  {
    "model": "contenttypes.contenttype",
    "pk": 4,
    "fields": { "app_label": "api", "model": "watchatop10" }
  },
  {
    "model": "contenttypes.contenttype",
    "pk": 5,
    "fields": { "app_label": "api", "model": "provider" }
  },
  {
    "model": "contenttypes.contenttype",
    "pk": 6,
    "fields": { "app_label": "api", "model": "director" }
  },
  {
    "model": "contenttypes.contenttype",
    "pk": 7,
    "fields": { "app_label": "api", "model": "actor" }
  },
  {
    "model": "contenttypes.contenttype",
    "pk": 8,
    "fields": { "app_label": "accounts", "model": "user" }
  },
  {
    "model": "contenttypes.contenttype",
    "pk": 9,
    "fields": { "app_label": "accounts", "model": "usersimilar" }
  },
  {
    "model": "contenttypes.contenttype",
    "pk": 10,
    "fields": { "app_label": "accounts", "model": "userreviewscore" }
  },
  {
    "model": "contenttypes.contenttype",
    "pk": 11,
    "fields": { "app_label": "accounts", "model": "userlikegenres" }
  },
  {
    "model": "contenttypes.contenttype",
    "pk": 12,
    "fields": { "app_label": "accounts", "model": "userlikedirectors" }
  },
  {
    "model": "contenttypes.contenttype",
    "pk": 13,
    "fields": { "app_label": "accounts", "model": "userlikeactors" }
  },
  {
    "model": "contenttypes.contenttype",
    "pk": 14,
    "fields": { "app_label": "feed", "model": "review" }
  },
  {
    "model": "contenttypes.contenttype",
    "pk": 15,
    "fields": { "app_label": "authtoken", "model": "token" }
  },
  {
    "model": "contenttypes.contenttype",
    "pk": 16,
    "fields": { "app_label": "authtoken", "model": "tokenproxy" }
  },
  {
    "model": "contenttypes.contenttype",
    "pk": 17,
    "fields": { "app_label": "sites", "model": "site" }
  },
  {
    "model": "contenttypes.contenttype",
    "pk": 18,
    "fields": { "app_label": "account", "model": "emailaddress" }
  },
  {
    "model": "contenttypes.contenttype",
    "pk": 19,
    "fields": { "app_label": "account", "model": "emailconfirmation" }
  },
  {
    "model": "contenttypes.contenttype",
    "pk": 20,
    "fields": { "app_label": "socialaccount", "model": "socialaccount" }
  },
  {
    "model": "contenttypes.contenttype",
    "pk": 21,
    "fields": { "app_label": "socialaccount", "model": "socialapp" }
  },
  {
    "model": "contenttypes.contenttype",
    "pk": 22,
    "fields": { "app_label": "socialaccount", "model": "socialtoken" }
  },
  {
    "model": "contenttypes.contenttype",
    "pk": 23,
    "fields": { "app_label": "admin", "model": "logentry" }
  },
  {
    "model": "contenttypes.contenttype",
    "pk": 24,
    "fields": { "app_label": "auth", "model": "permission" }
  },
  {
    "model": "contenttypes.contenttype",
    "pk": 25,
    "fields": { "app_label": "auth", "model": "group" }
  },
  {
    "model": "contenttypes.contenttype",
    "pk": 26,
    "fields": { "app_label": "contenttypes", "model": "contenttype" }
  },
  {
    "model": "contenttypes.contenttype",
    "pk": 27,
    "fields": { "app_label": "sessions", "model": "session" }
  },
  {
    "model": "sessions.session",
    "pk": "0574t7k4mfc5unc7ojkv83kadly644n2",
    "fields": {
      "session_data": ".eJxVjMsOwiAQRf-FtSEwlIcu3fcbyDAMUjU0Ke3K-O_apAvd3nPOfYmI21rj1nmJUxYXAeL0uyWkB7cd5Du22yxpbusyJbkr8qBdjnPm5_Vw_w4q9vqtPStD2jp7xuAAsVDQBdD4ARwTppRTcQRgEFFpZs_GKghBkRpYZyXeH_EzODw:1oyBAq:n8DddfDoPiAqlgLlhWDCKoZ_bUl4qdkbmfo9B9llCkk",
      "expire_date": "2022-12-08T12:17:48.199Z"
    }
  },
  {
    "model": "sessions.session",
    "pk": "1y0omst3v1btp416bqo0sb7hu5yn3stf",
    "fields": {
      "session_data": ".eJxVjEEOwiAURO_C2hBKoQWX7j0D-fA_FkVI2uLGeHfbpJvuJvPezJdBCLWV1X1oTjEROnpDyuxaWs4X5qCtk2sLzS4huzLNTp2H8KKyA3xCeVQealnn5Pmu8IMu_F6R8u1wTwcTLNO27kZloVedN5p0HBXKaLqBhDHByMEIBKl7qwbcEspRWOtlFEYFG0Rvo2S_PxSaQl0:1oyGzB:iRDr9hI9ayOvSI18I7AUoylXOLZ4PSPESHBTrQVX1bg",
      "expire_date": "2022-12-08T18:30:09.964Z"
    }
  },
  {
    "model": "sessions.session",
    "pk": "2szh3m32b9pq9in14em73uauotqrn9eb",
    "fields": {
      "session_data": ".eJxVjMsOwiAQRf-FtSEwlIcu3fcbyDAMUjU0Ke3K-O_apAvd3nPOfYmI21rj1nmJUxYXAeL0uyWkB7cd5Du22yxpbusyJbkr8qBdjnPm5_Vw_w4q9vqtPStD2jp7xuAAsVDQBdD4ARwTppRTcQRgEFFpZs_GKghBkRpYZyXeH_EzODw:1oyGDD:aU2YGXdj7EAV2-xx0JdrR4JcSyQjA2FuRAl9Zg6dqqI",
      "expire_date": "2022-12-08T17:40:35.196Z"
    }
  },
  {
    "model": "sessions.session",
    "pk": "4xr4qeisqa0fgv53ktzbmswfj85fa0b0",
    "fields": {
      "session_data": ".eJxVjMsOwiAQRf-FtSEwlIcu3fcbyDAMUjU0Ke3K-O_apAvd3nPOfYmI21rj1nmJUxYXAeL0uyWkB7cd5Du22yxpbusyJbkr8qBdjnPm5_Vw_w4q9vqtPStD2jp7xuAAsVDQBdD4ARwTppRTcQRgEFFpZs_GKghBkRpYZyXeH_EzODw:1oyJFk:zK8HfdHqxMigSDiEBOjG0y3RelXkzuG4NctvNQHvAEY",
      "expire_date": "2022-12-08T20:55:24.810Z"
    }
  },
  {
    "model": "sessions.session",
    "pk": "7njj1auirh7dhxuhms9187m5v71aydgf",
    "fields": {
      "session_data": ".eJxVjMsOwiAQRf-FtSEwlIcu3fcbyDAMUjU0Ke3K-O_apAvd3nPOfYmI21rj1nmJUxYXAeL0uyWkB7cd5Du22yxpbusyJbkr8qBdjnPm5_Vw_w4q9vqtPStD2jp7xuAAsVDQBdD4ARwTppRTcQRgEFFpZs_GKghBkRpYZyXeH_EzODw:1oyBBm:wHaKLng3F4zRVlDJp26h2dPU40sjcB7AXGgmkj98O0M",
      "expire_date": "2022-12-08T12:18:46.435Z"
    }
  },
  {
    "model": "sessions.session",
    "pk": "ce2e1e2zqx4o18styxsym0f7wzq2lkv2",
    "fields": {
      "session_data": ".eJxVjMsOwiAQRf-FtSEwlIcu3fcbyDAMUjU0Ke3K-O_apAvd3nPOfYmI21rj1nmJUxYXAeL0uyWkB7cd5Du22yxpbusyJbkr8qBdjnPm5_Vw_w4q9vqtPStD2jp7xuAAsVDQBdD4ARwTppRTcQRgEFFpZs_GKghBkRpYZyXeH_EzODw:1oyB5i:b0FKzy8APvSalZR7SJQlshTIMjEAcyyjqtyXv5qaGHU",
      "expire_date": "2022-12-08T12:12:30.441Z"
    }
  },
  {
    "model": "sessions.session",
    "pk": "codom98mgw63twkyvx38mc4dm6cwphmb",
    "fields": {
      "session_data": ".eJxVjEEOgyAQRe_CuiFWHEGX3fcMZBiGSkshUemm6d2riRu3773_vwKJSs2r_fAcQ2Rv-Y0xiTHXlC7CYl0nWxeebfRiFFqcmEN6cd6Ff2J-FEklr3N0ck_kYRd5L57T7WhPBxMu07bmK2kCZTrdAgceqHG-xUAQTOBgwPWtYkeDAgg9oerQGWg6o7nZkAPx-wNe90Pd:1oyJKB:GlAz5xbmquTNHAQNMCXoULDqI8-5S73Xj5W7LWwk6Vg",
      "expire_date": "2022-12-08T20:59:59.203Z"
    }
  },
  {
    "model": "sessions.session",
    "pk": "eprbo0s3b7jzdvd2rtmxjcr0cf5b0mw1",
    "fields": {
      "session_data": ".eJxVjEEOgyAQRe8y64YoMiouu-8ZyABDpaWQqHTT9O6tiRu3_733P0DOlZo38-Ylhsje8ItiginXlC5gqG6zqSsvJnqYoIfTZsk9Oe_APyjfi3Alb0u0YlfEQVdxK57T9XBPBzOt879GyaxdsCgtB1QctGRC7jrfSVZ2aPp2UKMLTo1KD1aPrfSoA-kGkdEG-P4AV-1Duw:1oyJ3Z:mjxYg-MQ5G9fCxO_F5HwaTMT6VOSUUeBJvB9xjbayQw",
      "expire_date": "2022-12-08T20:42:49.871Z"
    }
  },
  {
    "model": "sessions.session",
    "pk": "euocv6nehhwozhc8n5jmbn3ccukfwqnx",
    "fields": {
      "session_data": ".eJxVjDsOwjAQBe_iGln-xR9K-pzB2vU6OIBsKU4qxN1JpBTQvpl5bxZhW0vcel7iTOzKJLv8bgjpmesB6AH13nhqdV1m5IfCT9r52Ci_bqf7d1Cgl702RllCKzUZo7MEmT2AczQpbYMEMSRtvTcIRD4JDMolYXGyPuzdQJ59vtV2N6U:1oy4R0:g0sJZlz8_P4M8XswMWDyJaM-fig6-TDGUqR0QJtzrLw",
      "expire_date": "2022-12-08T05:06:02.688Z"
    }
  },
  {
    "model": "sessions.session",
    "pk": "gxtfz16wy38r3n3mc4x0udyronyigkyb",
    "fields": {
      "session_data": ".eJxVjMsOwiAQRf-FtSEwlIcu3fcbyDAMUjU0Ke3K-O_apAvd3nPOfYmI21rj1nmJUxYXAeL0uyWkB7cd5Du22yxpbusyJbkr8qBdjnPm5_Vw_w4q9vqtPStD2jp7xuAAsVDQBdD4ARwTppRTcQRgEFFpZs_GKghBkRpYZyXeH_EzODw:1oyBAi:pRVIxEaZ8qswrQOHEG4hiOHY3n__PN1muEwKqhOfcDI",
      "expire_date": "2022-12-08T12:17:40.187Z"
    }
  },
  {
    "model": "sessions.session",
    "pk": "j3m0shnkztgyd3d9t6cd0diviszdibc1",
    "fields": {
      "session_data": ".eJxVjEEOwiAQRe_C2hCgQJsu3XsGMsxMLYqQtMWN8e7apJtu_3vvfwQg1la28OYlTYkp8AtSFmNpOV9EgLbNoa28hERiFJ04bRHwyWUH9IByrxJr2ZYU5a7Ig67yVonz9XBPBzOs879GhQN7G5lZaxPZqs6Sdzj0TmtvkBSTI985ZxDBeG0noK4nMJPXipT4_gBEhUN4:1oyGxw:ASsSO_0nIz5HDZpO7uU_G_s6rIxwh10NYGlU8tZX4GU",
      "expire_date": "2022-12-08T18:28:52.489Z"
    }
  },
  {
    "model": "sessions.session",
    "pk": "knhcvwn0gykjc691wokv67b8shomar5y",
    "fields": {
      "session_data": ".eJxVjMsOwiAQRf-FtSEwlIcu3fcbyDAMUjU0Ke3K-O_apAvd3nPOfYmI21rj1nmJUxYXAeL0uyWkB7cd5Du22yxpbusyJbkr8qBdjnPm5_Vw_w4q9vqtPStD2jp7xuAAsVDQBdD4ARwTppRTcQRgEFFpZs_GKghBkRpYZyXeH_EzODw:1oyJ3R:A0m2UP1JIvEC10nCAkutMXkZ1Qkt1tsdmj4abDPls1g",
      "expire_date": "2022-12-08T20:42:41.863Z"
    }
  },
  {
    "model": "sessions.session",
    "pk": "oi98z3txwepqmxf6p0dwxfn57335viqh",
    "fields": {
      "session_data": ".eJxVjDsOwyAQBe9CHSE-NiYu0_sMaFmWmISAZJs0Ue6eWHLj9s3M-zBArK1s7k1LiomCoxekzMbScr4wB22bXVtpcSmwkSl22jzgk8oOwgPKvXKsZVuS57vCD7ryqQbKt8M9Hcywzv96IKFR9qa_gjUKIKKVUYEeOmUIwfvgo0GlNAAISTSQ7oWyVqDoSAbBvj9FnUOi:1oyAeg:WPgp2iJUhk9KpeQXvXn2vU8qyogFui24ts3crd-5zHc",
      "expire_date": "2022-12-08T11:44:34.759Z"
    }
  },
  {
    "model": "sessions.session",
    "pk": "pde7jsnbu5gjymw9ppl5uxjdp5yajia2",
    "fields": {
      "session_data": ".eJxVjMsOwiAQRf-FtSEwlIcu3fcbyDAMUjU0Ke3K-O_apAvd3nPOfYmI21rj1nmJUxYXAeL0uyWkB7cd5Du22yxpbusyJbkr8qBdjnPm5_Vw_w4q9vqtPStD2jp7xuAAsVDQBdD4ARwTppRTcQRgEFFpZs_GKghBkRpYZyXeH_EzODw:1oyGFR:zuKPCbuYdNcTileRJsUTHJAZsuRvz2KwrJzm4mhVB4c",
      "expire_date": "2022-12-08T17:42:53.491Z"
    }
  },
  {
    "model": "sessions.session",
    "pk": "pn1c8esxkwqf4yiy9r86doa6ca2s4545",
    "fields": {
      "session_data": ".eJxVjMsOwiAQRf-FtSEwlIcu3fcbyDAMUjU0Ke3K-O_apAvd3nPOfYmI21rj1nmJUxYXAeL0uyWkB7cd5Du22yxpbusyJbkr8qBdjnPm5_Vw_w4q9vqtPStD2jp7xuAAsVDQBdD4ARwTppRTcQRgEFFpZs_GKghBkRpYZyXeH_EzODw:1oyJLh:ncSc0UFvtu8367e9oPlkJwx3C5jJ0Xj7PzCJzIoliu8",
      "expire_date": "2022-12-08T21:01:33.357Z"
    }
  },
  {
    "model": "sessions.session",
    "pk": "puziiiyps1wxe8vt5dzyd7n4xzs10yvx",
    "fields": {
      "session_data": ".eJxVjMsOwiAQRf-FtSEwlIcu3fcbyDAMUjU0Ke3K-O_apAvd3nPOfYmI21rj1nmJUxYXAeL0uyWkB7cd5Du22yxpbusyJbkr8qBdjnPm5_Vw_w4q9vqtPStD2jp7xuAAsVDQBdD4ARwTppRTcQRgEFFpZs_GKghBkRpYZyXeH_EzODw:1oyGJb:nXifzP_-dfe0rcCc5c0yHT7NVVLAFq__ThDNL1A4xrk",
      "expire_date": "2022-12-08T17:47:11.667Z"
    }
  },
  {
    "model": "sessions.session",
    "pk": "t654chdc1k7dnb5dbnpb0ix9q3kdjkqp",
    "fields": {
      "session_data": ".eJxVjMsOwiAQRf-FtSEwlIcu3fcbyDAMUjU0Ke3K-O_apAvd3nPOfYmI21rj1nmJUxYXAeL0uyWkB7cd5Du22yxpbusyJbkr8qBdjnPm5_Vw_w4q9vqtPStD2jp7xuAAsVDQBdD4ARwTppRTcQRgEFFpZs_GKghBkRpYZyXeH_EzODw:1oyEPX:Ome-Ep4Jiy4-IbMxUADKi9Fpk5ONa-IJgdxEuYJAL_Y",
      "expire_date": "2022-12-08T15:45:11.791Z"
    }
  },
  {
    "model": "sessions.session",
    "pk": "xzzt7azda686g1ml584mrkjy2611xs6e",
    "fields": {
      "session_data": ".eJxVjMsOwiAUBf-FtSGU8OzSvd9ALnCxKEJCixvjv2uTbro9M3M-BEJoo27ujT2njNHhC3Ihcx2lXIiDsS1urNhdjmQmgpw2D-GJdQfxAfXeaGh169nTXaEHXemtRSzXwz0dLLAu_9qmSQapWRTampRk1JaBBmasj2JCyUUSxqqUPJfKKwMoJ285cgFMKuDk-wMuhELz:1oyGys:109eHfGSqIa_uc4Nt0X0iuXI3dgtG7qWHAh1-UfFYJ0",
      "expire_date": "2022-12-08T18:29:50.171Z"
    }
  },
  {
    "model": "sessions.session",
    "pk": "yy7z93amtraqk8l55y303c7l2q23j3x5",
    "fields": {
      "session_data": ".eJxVjMsOwiAQRf-FtSEwlIcu3fcbyDAMUjU0Ke3K-O_apAvd3nPOfYmI21rj1nmJUxYXAeL0uyWkB7cd5Du22yxpbusyJbkr8qBdjnPm5_Vw_w4q9vqtPStD2jp7xuAAsVDQBdD4ARwTppRTcQRgEFFpZs_GKghBkRpYZyXeH_EzODw:1oyGFn:3ZVGyzaGSzj8jQ0pV7dydMU-QgfCegW5_L2QWSlmjzs",
      "expire_date": "2022-12-08T17:43:15.421Z"
    }
  }
]
