[{"model": "accounts.user", "pk": 1, "fields": {"password": "pbkdf2_sha256$260000$3VwERYkeWTuEQImMafLQ5n$G5dcxzSuZc18cPGBPO2cUnW2eETPyeKPlCn41+0aUW0=", "last_login": "2022-11-24T05:06:02.682Z", "is_superuser": true, "is_staff": true, "is_active": true, "date_joined": "2022-11-24T05:05:52.603Z", "email": "tlsdnrng1@gmail.com", "nickname": null, "kakao_id": null, "groups": [], "user_permissions": [], "watched": [], "wishes": []}}, {"model": "accounts.user", "pk": 2, "fields": {"password": "!6Ev0QpnMfcFWWqdZyh6285pTuIJl9cP8urJJFrur", "last_login": "2022-11-24T21:01:33.351Z", "is_superuser": false, "is_staff": false, "is_active": true, "date_joined": "2022-11-24T11:44:34.592Z", "email": "tlsdnrng@gmail.com", "nickname": null, "kakao_id": null, "groups": [], "user_permissions": [], "watched": [1726, 10138, 68721, 284054, 299534, 299536, 436270, 453395, 505642, 616037, 829280], "wishes": [38015]}}, {"model": "accounts.user", "pk": 3, "fields": {"password": "pbkdf2_sha256$260000$OUcBSB2bvvNfs5dyiraBir$bwOUC3PQLdu/lqCLdPrEWK5EWNZIK3M1BuY3n88QBNg=", "last_login": "2022-11-24T18:28:52.419Z", "is_superuser": false, "is_staff": false, "is_active": true, "date_joined": "2022-11-24T18:28:52.257Z", "email": "tkvl3@gmail.com", "nickname": null, "kakao_id": null, "groups": [], "user_permissions": [], "watched": [], "wishes": []}}, {"model": "accounts.user", "pk": 4, "fields": {"password": "pbkdf2_sha256$260000$6wSg8VLf7WuAQ3BjYT0NQb$VjR2yEtDrvGsvGg6M4qHEU/AfPj97hpN0OG2Z5JI8C8=", "last_login": "2022-11-24T18:29:50.165Z", "is_superuser": false, "is_staff": false, "is_active": true, "date_joined": "2022-11-24T18:29:50.007Z", "email": "tkvl4@gmail.com", "nickname": null, "kakao_id": null, "groups": [], "user_permissions": [], "watched": [], "wishes": []}}, {"model": "accounts.user", "pk": 5, "fields": {"password": "pbkdf2_sha256$260000$FQ33KEEKPtMiet5Kl2JTCA$L5Kb4jHdNOeT7BE+bpY4q+TnNvsoj2rkisUNAT06fyU=", "last_login": "2022-11-24T18:30:09.958Z", "is_superuser": false, "is_staff": false, "is_active": true, "date_joined": "2022-11-24T18:30:09.870Z", "email": "tkvl5@gmail.com", "nickname": null, "kakao_id": null, "groups": [], "user_permissions": [], "watched": [], "wishes": []}}, {"model": "accounts.user", "pk": 6, "fields": {"password": "pbkdf2_sha256$260000$i2g53ALaKcnUYOGunh3gR8$G2h9YvCBzO9ix3L0l2s/Th5cC/zVIeHqy2rwoHi5DU8=", "last_login": "2022-11-24T20:42:49.865Z", "is_superuser": false, "is_staff": false, "is_active": true, "date_joined": "2022-11-24T20:42:49.776Z", "email": "tkvl1@gmail.com", "nickname": null, "kakao_id": null, "groups": [], "user_permissions": [], "watched": [76, 597, 38015, 47002, 296096, 346646, 496243, 736545, 744275, 851644], "wishes": [346646, 736545]}}, {"model": "accounts.user", "pk": 7, "fields": {"password": "pbkdf2_sha256$260000$J8z4e6C0gVmBGrS9gjzgj9$lkELbhFV1CIHFeS6Dv0l5ULGGrGjF1H0EO5gyFD1Ifc=", "last_login": "2022-11-24T20:59:59.198Z", "is_superuser": false, "is_staff": false, "is_active": true, "date_joined": "2022-11-24T20:59:59.108Z", "email": "tkvl2@gmail.com", "nickname": null, "kakao_id": null, "groups": [], "user_permissions": [], "watched": [1724, 1726, 1771, 10138, 24428, 68721, 99861, 100402, 271110, 284052, 299534, 299536, 299537, 448119, 453395, 529106], "wishes": []}}, {"model": "accounts.userlikegenres", "pk": 1, "fields": {"genre_like_user": 2, "genre": 12, "score": 10}}, {"model": "accounts.userlikegenres", "pk": 2, "fields": {"genre_like_user": 2, "genre": 28, "score": 11}}, {"model": "accounts.userlikegenres", "pk": 3, "fields": {"genre_like_user": 2, "genre": 878, "score": 9}}, {"model": "accounts.userlikegenres", "pk": 4, "fields": {"genre_like_user": 2, "genre": 14, "score": 3}}, {"model": "accounts.userlikegenres", "pk": 5, "fields": {"genre_like_user": 2, "genre": 80, "score": 2}}, {"model": "accounts.userlikegenres", "pk": 6, "fields": {"genre_like_user": 2, "genre": 9648, "score": 1}}, {"model": "accounts.userlikegenres", "pk": 7, "fields": {"genre_like_user": 2, "genre": 35, "score": 2}}, {"model": "accounts.userlikegenres", "pk": 8, "fields": {"genre_like_user": 6, "genre": 18, "score": 8}}, {"model": "accounts.userlikegenres", "pk": 9, "fields": {"genre_like_user": 6, "genre": 10749, "score": 7}}, {"model": "accounts.userlikegenres", "pk": 10, "fields": {"genre_like_user": 6, "genre": 35, "score": 8}}, {"model": "accounts.userlikegenres", "pk": 11, "fields": {"genre_like_user": 6, "genre": 80, "score": 5}}, {"model": "accounts.userlikegenres", "pk": 12, "fields": {"genre_like_user": 6, "genre": 53, "score": 2}}, {"model": "accounts.userlikegenres", "pk": 13, "fields": {"genre_like_user": 6, "genre": 28, "score": 3}}, {"model": "accounts.userlikegenres", "pk": 14, "fields": {"genre_like_user": 7, "genre": 12, "score": 16}}, {"model": "accounts.userlikegenres", "pk": 15, "fields": {"genre_like_user": 7, "genre": 28, "score": 15}}, {"model": "accounts.userlikegenres", "pk": 16, "fields": {"genre_like_user": 7, "genre": 878, "score": 12}}, {"model": "accounts.userlikegenres", "pk": 17, "fields": {"genre_like_user": 7, "genre": 14, "score": 3}}, {"model": "accounts.userlikegenres", "pk": 18, "fields": {"genre_like_user": 7, "genre": 10751, "score": 1}}, {"model": "accounts.userlikeactors", "pk": 1, "fields": {"actor_like_user": 2, "actor": 1083010, "score": 4}}, {"model": "accounts.userlikeactors", "pk": 2, "fields": {"actor_like_user": 2, "actor": 1267329, "score": 2}}, {"model": "accounts.userlikeactors", "pk": 3, "fields": {"actor_like_user": 2, "actor": 82104, "score": 4}}, {"model": "accounts.userlikeactors", "pk": 4, "fields": {"actor_like_user": 2, "actor": 1447932, "score": 4}}, {"model": "accounts.userlikeactors", "pk": 5, "fields": {"actor_like_user": 2, "actor": 2133996, "score": 1}}, {"model": "accounts.userlikeactors", "pk": 6, "fields": {"actor_like_user": 2, "actor": 87265, "score": 1}}, {"model": "accounts.userlikeactors", "pk": 7, "fields": {"actor_like_user": 2, "actor": 9780, "score": 3}}, {"model": "accounts.userlikeactors", "pk": 8, "fields": {"actor_like_user": 2, "actor": 139900, "score": 3}}, {"model": "accounts.userlikeactors", "pk": 9, "fields": {"actor_like_user": 2, "actor": 1368012, "score": 1}}, {"model": "accounts.userlikeactors", "pk": 10, "fields": {"actor_like_user": 2, "actor": 18918, "score": 1}}, {"model": "accounts.userlikeactors", "pk": 11, "fields": {"actor_like_user": 2, "actor": 83860, "score": 1}}, {"model": "accounts.userlikeactors", "pk": 12, "fields": {"actor_like_user": 2, "actor": 1253353, "score": 1}}, {"model": "accounts.userlikeactors", "pk": 13, "fields": {"actor_like_user": 2, "actor": 164945, "score": 1}}, {"model": "accounts.userlikeactors", "pk": 14, "fields": {"actor_like_user": 2, "actor": 2042690, "score": 1}}, {"model": "accounts.userlikeactors", "pk": 15, "fields": {"actor_like_user": 2, "actor": 935235, "score": 1}}, {"model": "accounts.userlikeactors", "pk": 16, "fields": {"actor_like_user": 2, "actor": 1293978, "score": 1}}, {"model": "accounts.userlikeactors", "pk": 17, "fields": {"actor_like_user": 2, "actor": 2426321, "score": 1}}, {"model": "accounts.userlikeactors", "pk": 18, "fields": {"actor_like_user": 2, "actor": 517, "score": 1}}, {"model": "accounts.userlikeactors", "pk": 19, "fields": {"actor_like_user": 2, "actor": 73968, "score": 2}}, {"model": "accounts.userlikeactors", "pk": 20, "fields": {"actor_like_user": 2, "actor": 1356210, "score": 1}}, {"model": "accounts.userlikeactors", "pk": 21, "fields": {"actor_like_user": 2, "actor": 1558986, "score": 1}}, {"model": "accounts.userlikeactors", "pk": 22, "fields": {"actor_like_user": 2, "actor": 1283, "score": 1}}, {"model": "accounts.userlikeactors", "pk": 23, "fields": {"actor_like_user": 2, "actor": 11207, "score": 1}}, {"model": "accounts.userlikeactors", "pk": 24, "fields": {"actor_like_user": 2, "actor": 1531926, "score": 1}}, {"model": "accounts.userlikeactors", "pk": 25, "fields": {"actor_like_user": 2, "actor": 81840, "score": 1}}, {"model": "accounts.userlikeactors", "pk": 26, "fields": {"actor_like_user": 2, "actor": 195666, "score": 1}}, {"model": "accounts.userlikeactors", "pk": 27, "fields": {"actor_like_user": 2, "actor": 2301682, "score": 1}}, {"model": "accounts.userlikeactors", "pk": 28, "fields": {"actor_like_user": 2, "actor": 84996, "score": 0}}, {"model": "accounts.userlikeactors", "pk": 29, "fields": {"actor_like_user": 2, "actor": 75912, "score": 0}}, {"model": "accounts.userlikeactors", "pk": 30, "fields": {"actor_like_user": 2, "actor": 229752, "score": 0}}, {"model": "accounts.userlikeactors", "pk": 31, "fields": {"actor_like_user": 2, "actor": 123818, "score": 0}}, {"model": "accounts.userlikeactors", "pk": 32, "fields": {"actor_like_user": 2, "actor": 146245, "score": 0}}, {"model": "accounts.userlikeactors", "pk": 33, "fields": {"actor_like_user": 6, "actor": 140335, "score": 1}}, {"model": "accounts.userlikeactors", "pk": 34, "fields": {"actor_like_user": 6, "actor": 2117890, "score": 1}}, {"model": "accounts.userlikeactors", "pk": 35, "fields": {"actor_like_user": 6, "actor": 2377671, "score": 1}}, {"model": "accounts.userlikeactors", "pk": 36, "fields": {"actor_like_user": 6, "actor": 3218480, "score": 1}}, {"model": "accounts.userlikeactors", "pk": 37, "fields": {"actor_like_user": 6, "actor": 1806235, "score": 1}}, {"model": "accounts.userlikeactors", "pk": 38, "fields": {"actor_like_user": 6, "actor": 17127, "score": 1}}, {"model": "accounts.userlikeactors", "pk": 39, "fields": {"actor_like_user": 6, "actor": 1998163, "score": 1}}, {"model": "accounts.userlikeactors", "pk": 40, "fields": {"actor_like_user": 6, "actor": 1753914, "score": 1}}, {"model": "accounts.userlikeactors", "pk": 41, "fields": {"actor_like_user": 6, "actor": 1114487, "score": 1}}, {"model": "accounts.userlikeactors", "pk": 42, "fields": {"actor_like_user": 6, "actor": 20805, "score": 1}}, {"model": "accounts.userlikeactors", "pk": 43, "fields": {"actor_like_user": 6, "actor": 2035329, "score": 1}}, {"model": "accounts.userlikeactors", "pk": 44, "fields": {"actor_like_user": 6, "actor": 20960, "score": 1}}, {"model": "accounts.userlikeactors", "pk": 45, "fields": {"actor_like_user": 6, "actor": 20373, "score": 1}}, {"model": "accounts.userlikeactors", "pk": 46, "fields": {"actor_like_user": 6, "actor": 32203, "score": 1}}, {"model": "accounts.userlikeactors", "pk": 47, "fields": {"actor_like_user": 6, "actor": 23931, "score": 1}}, {"model": "accounts.userlikeactors", "pk": 48, "fields": {"actor_like_user": 6, "actor": 1845809, "score": 1}}, {"model": "accounts.userlikeactors", "pk": 49, "fields": {"actor_like_user": 6, "actor": 204, "score": 1}}, {"model": "accounts.userlikeactors", "pk": 50, "fields": {"actor_like_user": 6, "actor": 3713, "score": 1}}, {"model": "accounts.userlikeactors", "pk": 51, "fields": {"actor_like_user": 6, "actor": 2076, "score": 1}}, {"model": "accounts.userlikeactors", "pk": 52, "fields": {"actor_like_user": 6, "actor": 1369, "score": 1}}, {"model": "accounts.userlikeactors", "pk": 53, "fields": {"actor_like_user": 6, "actor": 1954, "score": 1}}, {"model": "accounts.userlikeactors", "pk": 54, "fields": {"actor_like_user": 6, "actor": 2053, "score": 1}}, {"model": "accounts.userlikeactors", "pk": 55, "fields": {"actor_like_user": 6, "actor": 6193, "score": 1}}, {"model": "accounts.userlikeactors", "pk": 56, "fields": {"actor_like_user": 6, "actor": 8535, "score": 1}}, {"model": "accounts.userlikeactors", "pk": 57, "fields": {"actor_like_user": 6, "actor": 8534, "score": 1}}, {"model": "accounts.userlikeactors", "pk": 58, "fields": {"actor_like_user": 6, "actor": 1080542, "score": 1}}, {"model": "accounts.userlikeactors", "pk": 59, "fields": {"actor_like_user": 6, "actor": 237455, "score": 1}}, {"model": "accounts.userlikeactors", "pk": 60, "fields": {"actor_like_user": 6, "actor": 4391, "score": 1}}, {"model": "accounts.userlikeactors", "pk": 61, "fields": {"actor_like_user": 6, "actor": 1223786, "score": 1}}, {"model": "accounts.userlikeactors", "pk": 62, "fields": {"actor_like_user": 6, "actor": 47627, "score": 1}}, {"model": "accounts.userlikeactors", "pk": 63, "fields": {"actor_like_user": 6, "actor": 74056, "score": 1}}, {"model": "accounts.userlikeactors", "pk": 64, "fields": {"actor_like_user": 6, "actor": 96841, "score": 1}}, {"model": "accounts.userlikeactors", "pk": 65, "fields": {"actor_like_user": 6, "actor": 122535, "score": 1}}, {"model": "accounts.userlikeactors", "pk": 66, "fields": {"actor_like_user": 6, "actor": 1231106, "score": 1}}, {"model": "accounts.userlikeactors", "pk": 67, "fields": {"actor_like_user": 6, "actor": 569, "score": 1}}, {"model": "accounts.userlikeactors", "pk": 68, "fields": {"actor_like_user": 6, "actor": 1146, "score": 1}}, {"model": "accounts.userlikeactors", "pk": 69, "fields": {"actor_like_user": 6, "actor": 572, "score": 1}}, {"model": "accounts.userlikeactors", "pk": 70, "fields": {"actor_like_user": 6, "actor": 3738, "score": 1}}, {"model": "accounts.userlikeactors", "pk": 71, "fields": {"actor_like_user": 6, "actor": 146859, "score": 1}}, {"model": "accounts.userlikeactors", "pk": 72, "fields": {"actor_like_user": 6, "actor": 3735, "score": 1}}, {"model": "accounts.userlikeactors", "pk": 73, "fields": {"actor_like_user": 6, "actor": 1937533, "score": 1}}, {"model": "accounts.userlikeactors", "pk": 74, "fields": {"actor_like_user": 6, "actor": 1123145, "score": 1}}, {"model": "accounts.userlikeactors", "pk": 75, "fields": {"actor_like_user": 6, "actor": 1988490, "score": 1}}, {"model": "accounts.userlikeactors", "pk": 76, "fields": {"actor_like_user": 6, "actor": 1169313, "score": 1}}, {"model": "accounts.userlikeactors", "pk": 77, "fields": {"actor_like_user": 6, "actor": 2035488, "score": 1}}, {"model": "accounts.userlikeactors", "pk": 78, "fields": {"actor_like_user": 6, "actor": 2288847, "score": 1}}, {"model": "accounts.userlikeactors", "pk": 79, "fields": {"actor_like_user": 6, "actor": 2240033, "score": 1}}, {"model": "accounts.userlikeactors", "pk": 80, "fields": {"actor_like_user": 6, "actor": 141153, "score": 1}}, {"model": "accounts.userlikeactors", "pk": 81, "fields": {"actor_like_user": 6, "actor": 80754, "score": 1}}, {"model": "accounts.userlikeactors", "pk": 82, "fields": {"actor_like_user": 6, "actor": 144238, "score": 1}}, {"model": "accounts.userlikeactors", "pk": 83, "fields": {"actor_like_user": 6, "actor": 143803, "score": 1}}, {"model": "accounts.userlikeactors", "pk": 84, "fields": {"actor_like_user": 6, "actor": 235145, "score": 1}}, {"model": "accounts.userlikeactors", "pk": 85, "fields": {"actor_like_user": 6, "actor": 1133641, "score": 1}}, {"model": "accounts.userlikeactors", "pk": 86, "fields": {"actor_like_user": 6, "actor": 120351, "score": 1}}, {"model": "accounts.userlikeactors", "pk": 87, "fields": {"actor_like_user": 6, "actor": 139366, "score": 1}}, {"model": "accounts.userlikeactors", "pk": 88, "fields": {"actor_like_user": 6, "actor": 239610, "score": 1}}, {"model": "accounts.userlikeactors", "pk": 89, "fields": {"actor_like_user": 6, "actor": 941037, "score": 1}}, {"model": "accounts.userlikeactors", "pk": 90, "fields": {"actor_like_user": 2, "actor": 74568, "score": 3}}, {"model": "accounts.userlikeactors", "pk": 91, "fields": {"actor_like_user": 2, "actor": 524, "score": 2}}, {"model": "accounts.userlikeactors", "pk": 92, "fields": {"actor_like_user": 2, "actor": 3894, "score": 1}}, {"model": "accounts.userlikeactors", "pk": 93, "fields": {"actor_like_user": 2, "actor": 62561, "score": 2}}, {"model": "accounts.userlikeactors", "pk": 94, "fields": {"actor_like_user": 2, "actor": 55934, "score": 2}}, {"model": "accounts.userlikeactors", "pk": 95, "fields": {"actor_like_user": 2, "actor": 59817, "score": 1}}, {"model": "accounts.userlikeactors", "pk": 96, "fields": {"actor_like_user": 2, "actor": 934, "score": 1}}, {"model": "accounts.userlikeactors", "pk": 97, "fields": {"actor_like_user": 2, "actor": 73457, "score": 3}}, {"model": "accounts.userlikeactors", "pk": 98, "fields": {"actor_like_user": 2, "actor": 543261, "score": 3}}, {"model": "accounts.userlikeactors", "pk": 99, "fields": {"actor_like_user": 2, "actor": 172069, "score": 2}}, {"model": "accounts.userlikeactors", "pk": 100, "fields": {"actor_like_user": 2, "actor": 135651, "score": 1}}, {"model": "accounts.userlikeactors", "pk": 101, "fields": {"actor_like_user": 2, "actor": 7060, "score": 1}}, {"model": "accounts.userlikeactors", "pk": 102, "fields": {"actor_like_user": 2, "actor": 206919, "score": 1}}, {"model": "accounts.userlikeactors", "pk": 103, "fields": {"actor_like_user": 2, "actor": 1225953, "score": 1}}, {"model": "accounts.userlikeactors", "pk": 104, "fields": {"actor_like_user": 2, "actor": 71580, "score": 3}}, {"model": "accounts.userlikeactors", "pk": 105, "fields": {"actor_like_user": 2, "actor": 30082, "score": 1}}, {"model": "accounts.userlikeactors", "pk": 106, "fields": {"actor_like_user": 2, "actor": 550843, "score": 1}}, {"model": "accounts.userlikeactors", "pk": 107, "fields": {"actor_like_user": 2, "actor": 5294, "score": 1}}, {"model": "accounts.userlikeactors", "pk": 108, "fields": {"actor_like_user": 2, "actor": 1912381, "score": 1}}, {"model": "accounts.userlikeactors", "pk": 109, "fields": {"actor_like_user": 2, "actor": 1538879, "score": 1}}, {"model": "accounts.userlikeactors", "pk": 110, "fields": {"actor_like_user": 2, "actor": 2047847, "score": 1}}, {"model": "accounts.userlikeactors", "pk": 111, "fields": {"actor_like_user": 2, "actor": 1851642, "score": 1}}, {"model": "accounts.userlikeactors", "pk": 112, "fields": {"actor_like_user": 2, "actor": 2211274, "score": 1}}, {"model": "accounts.userlikeactors", "pk": 113, "fields": {"actor_like_user": 2, "actor": 2231, "score": 1}}, {"model": "accounts.userlikeactors", "pk": 114, "fields": {"actor_like_user": 2, "actor": 1245, "score": 3}}, {"model": "accounts.userlikeactors", "pk": 115, "fields": {"actor_like_user": 2, "actor": 1896, "score": 4}}, {"model": "accounts.userlikeactors", "pk": 116, "fields": {"actor_like_user": 2, "actor": 2295, "score": 1}}, {"model": "accounts.userlikeactors", "pk": 117, "fields": {"actor_like_user": 2, "actor": 3223, "score": 5}}, {"model": "accounts.userlikeactors", "pk": 118, "fields": {"actor_like_user": 2, "actor": 6807, "score": 1}}, {"model": "accounts.userlikeactors", "pk": 119, "fields": {"actor_like_user": 2, "actor": 12052, "score": 3}}, {"model": "accounts.userlikeactors", "pk": 120, "fields": {"actor_like_user": 2, "actor": 21134, "score": 1}}, {"model": "accounts.userlikeactors", "pk": 121, "fields": {"actor_like_user": 2, "actor": 9048, "score": 1}}, {"model": "accounts.userlikeactors", "pk": 122, "fields": {"actor_like_user": 2, "actor": 15277, "score": 2}}, {"model": "accounts.userlikeactors", "pk": 123, "fields": {"actor_like_user": 2, "actor": 1229, "score": 1}}, {"model": "accounts.userlikeactors", "pk": 124, "fields": {"actor_like_user": 2, "actor": 6162, "score": 1}}, {"model": "accounts.userlikeactors", "pk": 125, "fields": {"actor_like_user": 2, "actor": 18288, "score": 1}}, {"model": "accounts.userlikeactors", "pk": 126, "fields": {"actor_like_user": 2, "actor": 57451, "score": 1}}, {"model": "accounts.userlikeactors", "pk": 127, "fields": {"actor_like_user": 2, "actor": 17200, "score": 1}}, {"model": "accounts.userlikeactors", "pk": 128, "fields": {"actor_like_user": 2, "actor": 17857, "score": 1}}, {"model": "accounts.userlikeactors", "pk": 129, "fields": {"actor_like_user": 2, "actor": 529, "score": 1}}, {"model": "accounts.userlikeactors", "pk": 130, "fields": {"actor_like_user": 2, "actor": 2282, "score": 1}}, {"model": "accounts.userlikeactors", "pk": 131, "fields": {"actor_like_user": 2, "actor": 15556, "score": 1}}, {"model": "accounts.userlikeactors", "pk": 132, "fields": {"actor_like_user": 2, "actor": 18473, "score": 1}}, {"model": "accounts.userlikeactors", "pk": 133, "fields": {"actor_like_user": 2, "actor": 121953, "score": 1}}, {"model": "accounts.userlikeactors", "pk": 134, "fields": {"actor_like_user": 2, "actor": 1136406, "score": 1}}, {"model": "accounts.userlikeactors", "pk": 135, "fields": {"actor_like_user": 2, "actor": 103, "score": 2}}, {"model": "accounts.userlikeactors", "pk": 136, "fields": {"actor_like_user": 2, "actor": 16828, "score": 2}}, {"model": "accounts.userlikeactors", "pk": 137, "fields": {"actor_like_user": 2, "actor": 17604, "score": 1}}, {"model": "accounts.userlikeactors", "pk": 138, "fields": {"actor_like_user": 2, "actor": 22226, "score": 1}}, {"model": "accounts.userlikeactors", "pk": 139, "fields": {"actor_like_user": 7, "actor": 2231, "score": 4}}, {"model": "accounts.userlikeactors", "pk": 140, "fields": {"actor_like_user": 7, "actor": 1245, "score": 7}}, {"model": "accounts.userlikeactors", "pk": 141, "fields": {"actor_like_user": 7, "actor": 1896, "score": 6}}, {"model": "accounts.userlikeactors", "pk": 142, "fields": {"actor_like_user": 7, "actor": 2295, "score": 1}}, {"model": "accounts.userlikeactors", "pk": 143, "fields": {"actor_like_user": 7, "actor": 3223, "score": 9}}, {"model": "accounts.userlikeactors", "pk": 144, "fields": {"actor_like_user": 7, "actor": 6807, "score": 1}}, {"model": "accounts.userlikeactors", "pk": 145, "fields": {"actor_like_user": 7, "actor": 12052, "score": 3}}, {"model": "accounts.userlikeactors", "pk": 146, "fields": {"actor_like_user": 7, "actor": 21134, "score": 1}}, {"model": "accounts.userlikeactors", "pk": 147, "fields": {"actor_like_user": 7, "actor": 9048, "score": 1}}, {"model": "accounts.userlikeactors", "pk": 148, "fields": {"actor_like_user": 7, "actor": 15277, "score": 2}}, {"model": "accounts.userlikeactors", "pk": 149, "fields": {"actor_like_user": 7, "actor": 1229, "score": 1}}, {"model": "accounts.userlikeactors", "pk": 150, "fields": {"actor_like_user": 7, "actor": 6162, "score": 2}}, {"model": "accounts.userlikeactors", "pk": 151, "fields": {"actor_like_user": 7, "actor": 18288, "score": 1}}, {"model": "accounts.userlikeactors", "pk": 152, "fields": {"actor_like_user": 7, "actor": 57451, "score": 1}}, {"model": "accounts.userlikeactors", "pk": 153, "fields": {"actor_like_user": 7, "actor": 17200, "score": 1}}, {"model": "accounts.userlikeactors", "pk": 154, "fields": {"actor_like_user": 7, "actor": 17857, "score": 1}}, {"model": "accounts.userlikeactors", "pk": 155, "fields": {"actor_like_user": 7, "actor": 529, "score": 1}}, {"model": "accounts.userlikeactors", "pk": 156, "fields": {"actor_like_user": 7, "actor": 2282, "score": 1}}, {"model": "accounts.userlikeactors", "pk": 157, "fields": {"actor_like_user": 7, "actor": 15556, "score": 1}}, {"model": "accounts.userlikeactors", "pk": 158, "fields": {"actor_like_user": 7, "actor": 18473, "score": 1}}, {"model": "accounts.userlikeactors", "pk": 159, "fields": {"actor_like_user": 7, "actor": 121953, "score": 1}}, {"model": "accounts.userlikeactors", "pk": 160, "fields": {"actor_like_user": 7, "actor": 1083010, "score": 2}}, {"model": "accounts.userlikeactors", "pk": 161, "fields": {"actor_like_user": 7, "actor": 82104, "score": 2}}, {"model": "accounts.userlikeactors", "pk": 162, "fields": {"actor_like_user": 7, "actor": 1447932, "score": 2}}, {"model": "accounts.userlikeactors", "pk": 163, "fields": {"actor_like_user": 7, "actor": 139900, "score": 2}}, {"model": "accounts.userlikeactors", "pk": 164, "fields": {"actor_like_user": 7, "actor": 74568, "score": 5}}, {"model": "accounts.userlikeactors", "pk": 165, "fields": {"actor_like_user": 7, "actor": 73457, "score": 2}}, {"model": "accounts.userlikeactors", "pk": 166, "fields": {"actor_like_user": 7, "actor": 543261, "score": 2}}, {"model": "accounts.userlikeactors", "pk": 167, "fields": {"actor_like_user": 7, "actor": 1136406, "score": 1}}, {"model": "accounts.userlikeactors", "pk": 168, "fields": {"actor_like_user": 7, "actor": 71580, "score": 4}}, {"model": "accounts.userlikeactors", "pk": 169, "fields": {"actor_like_user": 7, "actor": 172069, "score": 2}}, {"model": "accounts.userlikeactors", "pk": 170, "fields": {"actor_like_user": 7, "actor": 103, "score": 4}}, {"model": "accounts.userlikeactors", "pk": 171, "fields": {"actor_like_user": 7, "actor": 16828, "score": 7}}, {"model": "accounts.userlikeactors", "pk": 172, "fields": {"actor_like_user": 7, "actor": 9780, "score": 1}}, {"model": "accounts.userlikeactors", "pk": 173, "fields": {"actor_like_user": 7, "actor": 524, "score": 1}}, {"model": "accounts.userlikeactors", "pk": 174, "fields": {"actor_like_user": 7, "actor": 62561, "score": 1}}, {"model": "accounts.userlikeactors", "pk": 175, "fields": {"actor_like_user": 7, "actor": 55934, "score": 1}}, {"model": "accounts.userlikeactors", "pk": 176, "fields": {"actor_like_user": 7, "actor": 17604, "score": 4}}, {"model": "accounts.userlikeactors", "pk": 177, "fields": {"actor_like_user": 7, "actor": 22226, "score": 1}}, {"model": "accounts.userlikeactors", "pk": 178, "fields": {"actor_like_user": 7, "actor": 71189, "score": 2}}, {"model": "accounts.userlikeactors", "pk": 179, "fields": {"actor_like_user": 7, "actor": 91606, "score": 1}}, {"model": "accounts.userlikeactors", "pk": 180, "fields": {"actor_like_user": 7, "actor": 13548, "score": 1}}, {"model": "accounts.userlikeactors", "pk": 181, "fields": {"actor_like_user": 7, "actor": 2203, "score": 1}}, {"model": "accounts.userlikeactors", "pk": 182, "fields": {"actor_like_user": 7, "actor": 2176, "score": 1}}, {"model": "accounts.userlikeactors", "pk": 183, "fields": {"actor_like_user": 7, "actor": 1331, "score": 1}}, {"model": "accounts.userlikeactors", "pk": 184, "fields": {"actor_like_user": 7, "actor": 55470, "score": 1}}, {"model": "accounts.userlikeactors", "pk": 185, "fields": {"actor_like_user": 7, "actor": 60898, "score": 3}}, {"model": "accounts.userlikeactors", "pk": 186, "fields": {"actor_like_user": 7, "actor": 15543, "score": 1}}, {"model": "accounts.userlikeactors", "pk": 187, "fields": {"actor_like_user": 7, "actor": 39459, "score": 2}}, {"model": "accounts.userlikeactors", "pk": 188, "fields": {"actor_like_user": 7, "actor": 13014, "score": 1}}, {"model": "accounts.userlikeactors", "pk": 189, "fields": {"actor_like_user": 7, "actor": 3129, "score": 1}}, {"model": "accounts.userlikeactors", "pk": 190, "fields": {"actor_like_user": 7, "actor": 227, "score": 1}}, {"model": "accounts.userlikeactors", "pk": 191, "fields": {"actor_like_user": 7, "actor": 819, "score": 1}}, {"model": "accounts.userlikeactors", "pk": 192, "fields": {"actor_like_user": 7, "actor": 882, "score": 1}}, {"model": "accounts.userlikeactors", "pk": 193, "fields": {"actor_like_user": 7, "actor": 1462, "score": 1}}, {"model": "accounts.userlikeactors", "pk": 194, "fields": {"actor_like_user": 7, "actor": 15232, "score": 1}}, {"model": "accounts.userlikeactors", "pk": 195, "fields": {"actor_like_user": 7, "actor": 68277, "score": 1}}, {"model": "accounts.userlikeactors", "pk": 196, "fields": {"actor_like_user": 7, "actor": 68278, "score": 1}}, {"model": "accounts.userlikeactors", "pk": 197, "fields": {"actor_like_user": 7, "actor": 19137, "score": 1}}, {"model": "accounts.userlikeactors", "pk": 198, "fields": {"actor_like_user": 7, "actor": 30082, "score": 2}}, {"model": "accounts.userlikeactors", "pk": 199, "fields": {"actor_like_user": 7, "actor": 550843, "score": 1}}, {"model": "accounts.userlikeactors", "pk": 200, "fields": {"actor_like_user": 7, "actor": 5294, "score": 2}}, {"model": "accounts.userlikeactors", "pk": 201, "fields": {"actor_like_user": 7, "actor": 1912381, "score": 1}}, {"model": "accounts.userlikeactors", "pk": 202, "fields": {"actor_like_user": 7, "actor": 1538879, "score": 1}}, {"model": "accounts.userlikeactors", "pk": 203, "fields": {"actor_like_user": 7, "actor": 2047847, "score": 1}}, {"model": "accounts.userlikeactors", "pk": 204, "fields": {"actor_like_user": 7, "actor": 1851642, "score": 1}}, {"model": "accounts.userlikeactors", "pk": 205, "fields": {"actor_like_user": 7, "actor": 2211274, "score": 1}}, {"model": "accounts.userlikeactors", "pk": 206, "fields": {"actor_like_user": 7, "actor": 4589, "score": 1}}, {"model": "accounts.userlikeactors", "pk": 207, "fields": {"actor_like_user": 7, "actor": 1019, "score": 1}}, {"model": "accounts.userlikeactors", "pk": 208, "fields": {"actor_like_user": 7, "actor": 3063, "score": 1}}, {"model": "accounts.userlikeactors", "pk": 209, "fields": {"actor_like_user": 7, "actor": 78110, "score": 1}}, {"model": "accounts.userlikeactors", "pk": 210, "fields": {"actor_like_user": 7, "actor": 72873, "score": 1}}, {"model": "accounts.userlikeactors", "pk": 211, "fields": {"actor_like_user": 7, "actor": 53714, "score": 1}}, {"model": "accounts.userlikeactors", "pk": 212, "fields": {"actor_like_user": 7, "actor": 1498158, "score": 1}}, {"model": "accounts.userlikeactors", "pk": 213, "fields": {"actor_like_user": 7, "actor": 3131, "score": 1}}, {"model": "accounts.userlikeactors", "pk": 214, "fields": {"actor_like_user": 7, "actor": 388, "score": 1}}, {"model": "accounts.userlikeactors", "pk": 215, "fields": {"actor_like_user": 7, "actor": 3968, "score": 1}}, {"model": "accounts.userlikeactors", "pk": 216, "fields": {"actor_like_user": 7, "actor": 7056, "score": 1}}, {"model": "accounts.userlikeactors", "pk": 217, "fields": {"actor_like_user": 7, "actor": 56446, "score": 1}}, {"model": "accounts.userlikeactors", "pk": 218, "fields": {"actor_like_user": 7, "actor": 17838, "score": 1}}, {"model": "accounts.userlikeactors", "pk": 219, "fields": {"actor_like_user": 7, "actor": 1789952, "score": 1}}, {"model": "accounts.userlikeactors", "pk": 220, "fields": {"actor_like_user": 7, "actor": 1318905, "score": 1}}, {"model": "accounts.userlikeactors", "pk": 221, "fields": {"actor_like_user": 7, "actor": 118333, "score": 1}}, {"model": "accounts.userlikeactors", "pk": 222, "fields": {"actor_like_user": 7, "actor": 29837, "score": 1}}, {"model": "accounts.userlikeactors", "pk": 223, "fields": {"actor_like_user": 7, "actor": 2203226, "score": 1}}, {"model": "accounts.userlikeactors", "pk": 224, "fields": {"actor_like_user": 7, "actor": 2217012, "score": 1}}, {"model": "accounts.userlikeactors", "pk": 225, "fields": {"actor_like_user": 7, "actor": 1744790, "score": 1}}, {"model": "accounts.userlikeactors", "pk": 226, "fields": {"actor_like_user": 7, "actor": 81002, "score": 1}}, {"model": "accounts.userlikeactors", "pk": 227, "fields": {"actor_like_user": 7, "actor": 2216700, "score": 1}}, {"model": "accounts.userlikeactors", "pk": 228, "fields": {"actor_like_user": 7, "actor": 1257146, "score": 1}}, {"model": "accounts.userlikeactors", "pk": 229, "fields": {"actor_like_user": 7, "actor": 3872, "score": 1}}, {"model": "accounts.userlikeactors", "pk": 230, "fields": {"actor_like_user": 7, "actor": 53650, "score": 2}}, {"model": "accounts.userlikeactors", "pk": 231, "fields": {"actor_like_user": 7, "actor": 97576, "score": 1}}, {"model": "accounts.userlikeactors", "pk": 232, "fields": {"actor_like_user": 7, "actor": 938, "score": 1}}, {"model": "accounts.userlikeactors", "pk": 233, "fields": {"actor_like_user": 7, "actor": 9642, "score": 1}}, {"model": "accounts.userlikeactors", "pk": 234, "fields": {"actor_like_user": 7, "actor": 516, "score": 1}}, {"model": "accounts.userlikeactors", "pk": 235, "fields": {"actor_like_user": 7, "actor": 60073, "score": 1}}, {"model": "accounts.userlikeactors", "pk": 236, "fields": {"actor_like_user": 7, "actor": 77335, "score": 1}}, {"model": "accounts.userlikeactors", "pk": 237, "fields": {"actor_like_user": 7, "actor": 1360281, "score": 1}}, {"model": "accounts.userlikeactors", "pk": 238, "fields": {"actor_like_user": 7, "actor": 72095, "score": 1}}, {"model": "accounts.userlikeactors", "pk": 239, "fields": {"actor_like_user": 7, "actor": 4135, "score": 1}}, {"model": "accounts.userlikeactors", "pk": 240, "fields": {"actor_like_user": 7, "actor": 81685, "score": 1}}, {"model": "accounts.userlikeactors", "pk": 241, "fields": {"actor_like_user": 7, "actor": 84247, "score": 1}}, {"model": "accounts.userlikedirectors", "pk": 1, "fields": {"director_like_user": 2, "director": 1056121, "score": 1}}, {"model": "accounts.userlikedirectors", "pk": 2, "fields": {"director_like_user": 2, "director": 59521, "score": 1}}, {"model": "accounts.userlikedirectors", "pk": 3, "fields": {"director_like_user": 2, "director": 173847, "score": 1}}, {"model": "accounts.userlikedirectors", "pk": 4, "fields": {"director_like_user": 2, "director": 55934, "score": 1}}, {"model": "accounts.userreviewscore", "pk": 1, "fields": {"review_user": 2, "review_movie": 38015, "score": 10}}, {"model": "accounts.userreviewscore", "pk": 2, "fields": {"review_user": 2, "review_movie": 38015, "score": 10}}, {"model": "accounts.userreviewscore", "pk": 3, "fields": {"review_user": 6, "review_movie": 38015, "score": 10}}, {"model": "accounts.userreviewscore", "pk": 4, "fields": {"review_user": 6, "review_movie": 38015, "score": 10}}, {"model": "accounts.userreviewscore", "pk": 5, "fields": {"review_user": 6, "review_movie": 496243, "score": 8}}, {"model": "accounts.userreviewscore", "pk": 6, "fields": {"review_user": 6, "review_movie": 496243, "score": 10}}, {"model": "accounts.userreviewscore", "pk": 7, "fields": {"review_user": 6, "review_movie": 346646, "score": 9}}, {"model": "accounts.userreviewscore", "pk": 8, "fields": {"review_user": 6, "review_movie": 346646, "score": 10}}, {"model": "accounts.userreviewscore", "pk": 9, "fields": {"review_user": 6, "review_movie": 346646, "score": 9}}, {"model": "accounts.userreviewscore", "pk": 10, "fields": {"review_user": 2, "review_movie": 505642, "score": 6}}]